img_name,inside_bbox_activation
00019001_000.png,0.30297168996185064
00020405_021.png,0.7989958859980106
00019124_067.png,1.0853989981114864
00004001_013.png,1.9390463829040527
00026606_000.png,0.12846619356423616
00025936_005.png,5.081820487976074
00016487_002.png,0.5266632419079542
00010815_007.png,0.6434147246181965
00026387_002.png,0.7479505147784948
00002868_006.png,0.5677308887243271
00015268_000.png,0.3276894800364971
00005094_015.png,0.9863121435046196
00018087_002.png,5.991329252719879
00022030_005.png,8.393728733062744
00015792_005.png,19.02412623167038
00013237_000.png,12.6408651471138
00012376_016.png,5.025836825370789
00001900_036.png,11.674529314041138
00029844_001.png,4.502268135547638
00028915_000.png,0.0
00027131_003.png,2.8675049543380737
00002437_011.png,5.772195011377335
00028975_002.png,5.342943221330643
00026769_009.png,0.47575468197464943
00026543_001.png,2.8978371992707253
00027322_005.png,2.5156965479254723
00016568_053.png,4.045413061976433
00028442_000.png,12.618625164031982
00005502_017.png,3.248726576566696
00012796_003.png,0.3974457271397114
00015556_022.png,0.4426136612892151
00020408_038.png,0.5407769232988358
00022374_008.png,2.1132132038474083
00018558_005.png,5.71918860077858
00009709_002.png,1.050423365086317
00009178_000.png,8.159139752388
00029470_000.png,0.3051361069083214
00019124_085.png,9.479353576898575
00026469_005.png,0.5849685054272413
00025342_007.png,2.5585688650608063
00019651_001.png,8.218754082918167
00002431_000.png,0.5730295088142157
00028387_000.png,3.0487507581710815
00028380_009.png,1.866191066801548
00017001_000.png,0.9048597887158394
00016991_006.png,1.8991205841302872
00028359_003.png,5.607356503605843
00028913_002.png,7.850141078233719
00026843_000.png,21.927937865257263
00015384_001.png,0.7611310109496117
00005777_003.png,0.11157465633004904
00014731_026.png,5.031545087695122
00010775_004.png,3.211735561490059
00025181_007.png,2.950848639011383
00003054_001.png,3.1925294548273087
00026993_001.png,14.698271453380585
00001722_002.png,1.5110675245523453
00004132_006.png,10.83352193236351
00028876_032.png,4.655685275793076
00017051_002.png,3.8533445447683334
00018645_000.png,17.08032935857773
00029693_000.png,2.45133638381958
00008435_008.png,6.462050974369049
00020398_034.png,2.342095412313938
00028655_005.png,1.1976095847785473
00028019_001.png,0.0
00025206_002.png,12.339813262224197
00007321_009.png,0.9376263245940208
00000402_001.png,0.3549063578248024
00019720_000.png,0.00254415408562636
00018519_000.png,1.6831794753670692
00021813_001.png,0.0
00005935_006.png,0.1758492668159306
00019124_062.png,2.6671042665839195
00019373_056.png,9.584026783704758
00005218_027.png,8.789703249931335
00010887_022.png,0.22874355781823397
00018527_001.png,0.9603933431208134
00004224_001.png,17.517246305942535
00003285_000.png,5.222679674625397
00001995_007.png,6.594117730855942
00005014_008.png,3.1660500913858414
00013673_001.png,5.017434060573578
00015649_004.png,9.994836151599884
00004532_006.png,24.80560541152954
00005935_001.png,0.14981292188167572
00020195_014.png,11.455199867486954
00006713_000.png,5.998031049966812
00014663_018.png,5.816791206598282
00019373_053.png,9.906966239213943
00013346_003.png,0.33479174599051476
00021130_001.png,1.6221117228269577
00020393_003.png,6.107332184910774
00006721_000.png,0.0
00019635_006.png,5.8904726058244705
00018591_007.png,9.70376431941986
00007501_004.png,10.455784946680069
00013714_009.png,0.06705702398903668
00030499_004.png,0.2883635926991701
00014060_000.png,0.5286905448883772
00013655_005.png,6.4397163689136505
00003983_000.png,2.2521821781992912
00015814_007.png,0.07617681403644383
00007782_001.png,0.0
00019124_044.png,1.501122023910284
00017095_000.png,0.11218586005270481
00022359_001.png,6.903231143951416
00016551_000.png,17.469054460525513
00017559_000.png,0.9934058412909508
00001093_013.png,2.0943135023117065
00005218_026.png,6.4094506204128265
00004808_076.png,2.3400044068694115
00018558_001.png,7.290538400411606
00020195_003.png,9.220821410417557
00029589_002.png,0.05750390700995922
00016568_002.png,1.5900703147053719
00004547_022.png,1.941349357366562
00022263_005.png,5.6902192533016205
00003300_006.png,5.28864786028862
00005622_001.png,3.3406469970941544
00002759_000.png,4.09485436975956
00002668_006.png,2.1299604326486588
00025695_025.png,2.6695959270000458
00021377_000.png,14.308182895183563
00011943_003.png,9.094157814979553
00026330_001.png,5.841369181871414
00007321_006.png,1.3117642141878605
00015843_000.png,0.0
00003300_002.png,6.737962365150452
00019373_006.png,5.463621765375137
00005218_016.png,3.637516126036644
00012045_049.png,18.557901680469513
00022208_008.png,0.3281880170106888
00018588_003.png,9.679262340068817
00020967_021.png,3.424510732293129
00019124_097.png,8.150559663772583
00021494_006.png,2.014157921075821
00004104_001.png,6.719818711280823
00002701_009.png,9.761159121990204
00005218_017.png,2.5496162474155426
00006642_004.png,1.928442157804966
00029965_000.png,1.8804823979735374
00014334_000.png,0.10220074327662587
00028380_011.png,2.25228164345026
00019124_087.png,12.607458233833313
00003751_003.png,4.993027821183205
00007321_013.png,0.5228491965681314
00014397_014.png,19.59010809659958
00027204_000.png,1.8348054960370064
00029650_000.png,0.0
00005053_000.png,0.2295319689437747
00026769_008.png,0.33588199876248837
00003285_001.png,7.057533413171768
00002785_001.png,2.193083055317402
00027678_003.png,7.999388873577118
00015112_000.png,17.240960896015167
00011093_000.png,0.03360610280651599
00011799_000.png,0.8798946626484394
00022231_002.png,2.46405266225338
00026004_000.png,6.802527606487274
00001286_000.png,0.21553775295615196
00000556_000.png,0.023904876434244215
00020697_000.png,0.889138039201498
00020703_002.png,2.830333262681961
00018958_002.png,0.0
00012376_012.png,7.4220918118953705
00004001_012.png,0.5840615835040808
00028219_005.png,15.064029395580292
00000250_003.png,1.9683394581079483
00000133_000.png,0.0
00014678_004.png,4.542921110987663
00014397_010.png,9.726585447788239
00022093_000.png,0.8504423312842846
00021179_005.png,4.668326303362846
00019593_005.png,0.2501254668459296
00017098_007.png,0.8052085526287556
00013673_006.png,9.276046603918076
00006710_002.png,7.0776112377643585
00016819_003.png,0.3996462095528841
00001782_000.png,0.09237063932232559
00022659_000.png,1.629839465022087
00018865_038.png,1.0724255815148354
00000138_005.png,1.8186170607805252
00003423_006.png,1.3685445301234722
00005311_005.png,0.10620934190228581
00015108_008.png,10.461201518774033
00011478_000.png,27.12404429912567
00006751_000.png,0.0
00003599_001.png,0.08277404704131186
00029909_003.png,5.859259143471718
00021398_000.png,8.688531816005707
00003547_000.png,15.519119799137115
00001333_000.png,0.18069110810756683
00005604_000.png,3.172784671187401
00005977_010.png,3.634563460946083
00018558_000.png,8.627668023109436
00015495_014.png,1.6778882592916489
00025457_002.png,3.171650692820549
00029909_002.png,3.7482906132936478
00021473_000.png,3.176521882414818
00004170_003.png,0.15982892364263535
00019373_059.png,8.035141229629517
00019634_011.png,13.37178498506546
00005904_001.png,7.949750125408173
00005936_004.png,0.13335648691281676
00029579_000.png,1.191572193056345
00021179_011.png,20.85578292608261
00023310_002.png,0.0
00029756_000.png,5.8226969093084335
00010678_000.png,1.4488785527646542
00000820_000.png,2.361694537103176
00000061_025.png,0.6647767964750528
00003393_052.png,5.620116740465164
00014082_010.png,0.5089649930596352
00006829_010.png,16.04633778333664
00014710_005.png,1.4565513469278812
00020703_024.png,7.020178437232971
00029589_005.png,1.0120096616446972
00027278_000.png,8.85423943400383
00007281_000.png,0.6810246035456657
00005506_001.png,10.677910596132278
00006690_000.png,1.1704783886671066
00019124_083.png,14.35089260339737
00019739_002.png,8.841746300458908
00012891_005.png,3.1335361301898956
00015549_000.png,4.985895752906799
00027819_000.png,0.7511970121413469
00019124_065.png,2.7938177809119225
00002759_002.png,4.864154011011124
00016568_011.png,5.239560827612877
00030023_000.png,2.8816744685173035
00004857_018.png,1.733683981001377
00014981_001.png,0.7790047209709883
00026196_001.png,1.5979375690221786
00015506_002.png,5.1476288586854935
00026199_000.png,0.510784238576889
00009690_002.png,5.450575798749924
00012659_012.png,0.8044322021305561
00015308_000.png,0.14093503123149276
00006330_006.png,1.4521938748657703
00006710_003.png,6.14750012755394
00005467_005.png,1.0570290498435497
00008636_003.png,0.5738534964621067
00009293_005.png,1.4632551930844784
00025662_005.png,0.4711391869932413
00015105_000.png,8.72197300195694
00006586_001.png,1.9137155264616013
00013935_004.png,0.0
00018756_000.png,1.8960729241371155
00007718_009.png,1.081166323274374
00024814_000.png,0.0
00029470_009.png,0.07660388946533203
00025695_011.png,3.6423470824956894
00014397_012.png,15.928515791893005
00018591_000.png,12.877115607261658
00028876_061.png,11.977105587720871
00026573_000.png,11.04322224855423
00000071_004.png,1.2052441947162151
00017098_010.png,0.5185640882700682
00002361_007.png,11.849083751440048
00015495_002.png,6.671230494976044
00005218_028.png,4.869881272315979
00019124_071.png,7.4740685522556305
00005895_019.png,0.5652188789099455
00022208_007.png,0.09408890036866069
00028923_002.png,1.2371649965643883
00018006_024.png,8.742885291576385
00012087_014.png,1.9132088869810104
00020631_002.png,1.475956104695797
00013655_003.png,5.079563707113266
00017321_001.png,0.7279925514012575
00014298_001.png,9.073925763368607
00021374_004.png,4.471484199166298
00015108_005.png,10.820100456476212
00017089_009.png,6.896919012069702
00012374_001.png,2.080182358622551
00019624_002.png,3.699786961078644
00015562_002.png,1.8195196986198425
00017747_027.png,0.17927741864696145
00004381_002.png,2.2978251799941063
00021609_006.png,3.270154818892479
00004172_000.png,7.939883321523666
00008386_000.png,2.041669748723507
00005624_002.png,6.571571528911591
00019124_064.png,2.7392949908971786
00003664_000.png,11.455779522657394
00019767_005.png,4.07308042049408
00016587_079.png,4.182061180472374
00020703_028.png,2.2889304906129837
00025695_002.png,7.988615334033966
00006096_007.png,8.762132376432419
00007482_003.png,2.0010780543088913
00010887_021.png,0.7087666541337967
00028876_021.png,3.4442562609910965
00009293_002.png,1.6447672620415688
00011804_017.png,17.131581902503967
00004547_004.png,2.0252810791134834
00021150_000.png,5.374869704246521
00019013_003.png,3.520752489566803
00020921_000.png,4.157135635614395
00022919_002.png,1.3196948915719986
00029678_001.png,1.759994961321354
00019124_000.png,1.5631040558218956
00012652_000.png,6.447248160839081
00018366_008.png,1.3856686651706696
00029649_001.png,1.785077527165413
00019767_000.png,6.491796672344208
00015792_001.png,3.812345862388611
00005487_000.png,0.0
00018853_002.png,1.218122523277998
00012888_000.png,3.6591365933418274
00019767_001.png,7.910910248756409
00009758_000.png,0.0
00004911_016.png,3.103652596473694
00011235_006.png,1.5624545514583588
00030536_006.png,0.3425620263442397
00009649_002.png,1.3924933038651943
00014919_011.png,3.8762610405683517
00003423_001.png,2.118639647960663
00018964_001.png,7.300668954849243
00018002_000.png,0.0
00003896_001.png,5.75498454272747
00006642_034.png,0.9337247349321842
00003547_001.png,18.356329202651978
00006631_003.png,2.925555780529976
00017691_002.png,0.7355296984314919
00004396_001.png,14.659486711025238
00002144_000.png,0.0
00000383_001.png,0.0
00014953_002.png,7.149803638458252
00004547_018.png,2.20376905053854
00022740_003.png,0.04097135388292372
00012924_000.png,11.860376596450806
00007731_006.png,9.9826380610466
00003503_001.png,5.471111461520195
00025707_015.png,6.178867444396019
00020996_001.png,1.801060512661934
00007718_010.png,2.175113372504711
00023348_000.png,0.0
00017031_000.png,6.8337582051754
00020329_002.png,0.4077564459294081
00022837_028.png,10.663102567195892
00016630_010.png,0.0
00005683_000.png,1.5922283753752708
00017605_012.png,0.8400863967835903
00007718_004.png,0.3723390633240342
00017324_016.png,2.661554142832756
00013951_003.png,0.6423144601285458
00019635_001.png,2.8040409088134766
00015147_002.png,1.573432795703411
00018964_005.png,16.66453778743744
00009446_004.png,0.36389539018273354
00015141_002.png,0.0
00019124_094.png,13.261869549751282
00020195_019.png,8.1808403134346
00000999_000.png,0.5126862786710262
00022056_000.png,9.971439093351364
00020408_042.png,1.0607991367578506
00014915_000.png,0.0
00019124_089.png,10.217258334159851
00024523_000.png,0.0
00008998_005.png,8.894697576761246
00012087_017.png,2.461697906255722
00014626_025.png,2.4435505270957947
00025341_000.png,0.0
00008892_003.png,1.50049589574337
00025448_001.png,0.0
00015649_001.png,1.80754866451025
00022726_021.png,8.095400780439377
00011849_001.png,0.24112067185342312
00022726_008.png,8.832678943872452
00018366_007.png,2.9567329213023186
00009653_002.png,0.41360980831086636
00016550_013.png,9.940396249294281
00000023_004.png,1.9458465278148651
00025671_000.png,4.8392873257398605
00019634_009.png,10.729475319385529
00027556_003.png,8.26677605509758
00028518_029.png,3.0116822570562363
00018307_001.png,4.106561839580536
00019124_081.png,11.939232796430588
00026993_003.png,6.391311436891556
00015920_004.png,4.465997219085693
00003603_000.png,4.953815042972565
00014905_000.png,6.248398125171661
00025542_002.png,1.441847998648882
00020115_001.png,0.16766628250479698
00015506_004.png,11.574407666921616
00009953_011.png,9.416606277227402
00015754_001.png,0.5534213967621326
00025206_001.png,1.7962755635380745
00012604_002.png,17.567656934261322
00007454_002.png,1.2664960697293282
00018765_003.png,1.0390134528279305
00028624_002.png,1.910586655139923
00012892_006.png,1.993490383028984
00019861_004.png,0.0
00002544_003.png,0.4358507227152586
00020398_015.png,5.164825543761253
00018964_013.png,4.16630320250988
00012891_011.png,0.8536358363926411
00018525_003.png,1.964818686246872
00022208_005.png,0.1942975097335875
00019097_000.png,9.381122142076492
00015563_004.png,0.7165299262851477
00020539_002.png,2.1532267332077026
00002599_003.png,2.908228151500225
00016568_003.png,3.780435025691986
00019124_057.png,1.3443274423480034
00013904_004.png,14.92370069026947
00017262_003.png,1.1903025209903717
00020085_007.png,0.01666875323280692
00010069_001.png,4.114857316017151
00009679_000.png,0.8716675452888012
00005456_010.png,3.626067191362381
00014032_000.png,0.1689165597781539
00005114_004.png,0.11038811644539237
00006458_000.png,5.792122334241867
00019593_001.png,0.31895721331238747
00013392_000.png,2.53309179097414
00015364_000.png,0.5209726747125387
00000820_001.png,3.282364457845688
00003751_001.png,5.252102389931679
00021254_000.png,1.7003344371914864
00015792_004.png,12.833254039287567
00022235_009.png,3.098062612116337
00017691_010.png,0.9066618978977203
00021017_000.png,0.879786629229784
00023033_007.png,2.347184345126152
00016167_005.png,0.8399384096264839
00013994_000.png,4.0719203650951385
00026746_003.png,3.1578365713357925
00020339_004.png,0.5431287921965122
00020967_020.png,2.7595466002821922
00025825_001.png,0.0
00000132_004.png,1.3000302016735077
00017179_000.png,4.364585503935814
00000693_001.png,0.4990901332348585
00004928_003.png,21.418413519859314
00023033_005.png,3.445235639810562
00003300_001.png,1.5725122764706612
00018588_001.png,12.891200184822083
00001781_001.png,1.6668718308210373
00003423_013.png,6.4057305455207825
00026713_002.png,0.0
00016619_000.png,2.099568583071232
00014790_017.png,0.8135058917105198
00012376_009.png,3.346899524331093
00007732_000.png,0.03618634364102036
00021817_005.png,3.394533321261406
00015843_003.png,0.0
00002170_000.png,2.575117349624634
00006338_009.png,0.7940216921269894
00002720_025.png,9.006145596504211
00015754_012.png,2.3490503430366516
00022238_002.png,16.540786623954773
00008947_001.png,3.5541508346796036
00020401_000.png,10.813428461551666
00014952_000.png,0.561985420063138
00012376_008.png,5.819595977663994
00022132_003.png,0.10992505121976137
00018819_001.png,2.9660869389772415
00003733_004.png,4.92345355451107
00019894_021.png,0.9634649381041527
00003393_048.png,6.113528460264206
00005461_000.png,1.2190881185233593
00020958_001.png,0.9919910691678524
00029617_008.png,0.3811815520748496
00017313_006.png,8.495981991291046
00004214_000.png,13.294903934001923
00019124_054.png,0.9061763063073158
00030234_001.png,2.2548383101820946
00016852_000.png,4.332873225212097
00008188_003.png,3.106638975441456
00004132_009.png,18.357592821121216
00006642_025.png,0.02108700282406062
00020329_006.png,0.0
00015395_000.png,1.0766560211777687
00025071_001.png,5.646597966551781
00007848_006.png,1.7735820263624191
00004889_000.png,2.289974130690098
00014663_000.png,8.72146487236023
00020822_001.png,6.80132657289505
00006373_000.png,3.2513655722141266
00029820_003.png,2.1967509761452675
00025695_001.png,7.267665863037109
00026746_004.png,4.903119802474976
00027290_000.png,0.0
00007209_001.png,1.0651455260813236
00016719_005.png,0.0
00011384_000.png,3.3861253410577774
00023033_001.png,2.0799418911337852
00012604_000.png,17.89543330669403
00015842_001.png,0.0
00019730_019.png,0.9702598676085472
00025635_008.png,8.586566150188446
00014280_000.png,4.577045515179634
00016621_003.png,7.987775653600693
00014427_006.png,0.4245552234351635
00015108_007.png,8.907422423362732
00023309_032.png,0.3318146336823702
00030703_001.png,1.728508248925209
00029866_005.png,3.1117111444473267
00017272_000.png,0.010525188554311171
00006833_002.png,2.150588482618332
00025501_000.png,1.346399262547493
00019124_099.png,6.253041326999664
00015029_001.png,3.494422882795334
00020298_000.png,1.8317505717277527
00003589_000.png,0.0
00011427_000.png,0.39616874419152737
00022520_000.png,1.3405751436948776
00013673_004.png,3.4144464880228043
00014306_000.png,3.817969560623169
00006950_001.png,0.08455741917714477
00008191_005.png,0.6491236388683319
00021086_007.png,0.5812724120914936
00000056_000.png,1.4387592673301697
00001584_001.png,0.4872474353760481
00016587_060.png,1.9100980833172798
00026026_000.png,0.6783891003578901
00020624_003.png,0.7307190913707018
00003393_002.png,5.811386555433273
00011804_016.png,14.88829106092453
00014865_001.png,0.8803000673651695
00025368_007.png,0.765486853197217
00018004_001.png,0.34086706582456827
00007209_000.png,0.40341257117688656
00003300_005.png,4.697121307253838
00008701_036.png,0.43998691253364086
00005014_007.png,1.965070329606533
00014731_012.png,3.8347214460372925
00016798_010.png,0.7237187121063471
00017324_006.png,0.9050092659890652
00006736_000.png,1.1133226566016674
00029650_004.png,0.0
00014607_004.png,4.934198036789894
00020703_031.png,3.5554565489292145
00014203_015.png,4.139939695596695
00025264_001.png,9.140478074550629
00016587_048.png,2.849704399704933
00020703_011.png,5.105822533369064
00009921_000.png,15.840345621109009
00019124_061.png,1.565406657755375
00009690_003.png,7.93895423412323
00003519_001.png,15.57169258594513
00025695_000.png,7.253182679414749
00003519_003.png,11.092286556959152
00006471_000.png,0.3382532624527812
00026185_009.png,12.474703788757324
00010277_000.png,7.365704327821732
00023033_010.png,2.0586319267749786
00026789_001.png,0.4618863109499216
00016630_009.png,0.2292797900736332
00015562_003.png,3.735095262527466
00013655_007.png,7.990412414073944
00002832_000.png,3.405243530869484
00022457_008.png,0.6837566383183002
00023307_000.png,0.0
00028837_000.png,1.3404800556600094
00018964_003.png,11.864037066698074
00019124_107.png,7.9750970005989075
00016805_009.png,2.808232046663761
00014933_007.png,0.5236116703599691
00006631_005.png,16.086238622665405
00014948_006.png,0.0
00029844_003.png,8.311643451452255
00019373_022.png,11.83195561170578
00029683_000.png,0.0
00025150_004.png,2.115541696548462
00017549_001.png,0.0
00023225_000.png,12.604330480098724
00004132_007.png,12.290622293949127
00019124_084.png,6.8736739456653595
00028876_022.png,1.5492686070501804
00005448_021.png,3.2362468540668488
00006586_002.png,0.23295267019420862
00012892_009.png,2.9078882187604904
00030520_001.png,13.288825750350952
00027937_002.png,10.593446344137192
00015108_004.png,9.348708391189575
00019124_066.png,2.8616048395633698
00025505_000.png,7.336072623729706
00012045_046.png,11.64768636226654
00001093_012.png,0.38255800027400255
00020326_025.png,0.20232596434652805
00011963_004.png,0.0854085199534893
00003519_000.png,16.377821564674377
00017395_003.png,6.113020330667496
00014280_005.png,5.8579083532094955
00025368_012.png,7.259848713874817
00006766_000.png,7.924235612154007
00020716_006.png,0.4480146337300539
00020124_002.png,7.269482314586639
00027556_008.png,9.046012908220291
00000402_002.png,0.2728186547756195
00019328_011.png,2.274641953408718
00000971_002.png,0.0
00003423_017.png,1.8646039068698883
00022179_000.png,5.732212215662003
00020491_001.png,3.626026213169098
00025707_017.png,10.24182066321373
00028626_000.png,8.80766361951828
00006360_002.png,5.6596629321575165
00002248_005.png,3.2589782029390335
00006436_006.png,2.371334843337536
00003896_005.png,0.13521310174837708
00002547_004.png,0.0
00014609_001.png,0.34918475430458784
00020195_013.png,8.764003217220306
00017098_011.png,1.38111412525177
00028876_020.png,5.420498549938202
00026477_000.png,13.129101693630219
00025071_000.png,5.195041745901108
00019373_057.png,9.36082899570465
00007718_013.png,0.8619452826678753
00023140_004.png,2.127605490386486
00016587_059.png,2.4528346955776215
00008732_001.png,0.6181151606142521
00000061_000.png,2.0274201408028603
00017089_010.png,5.35193644464016
00011855_000.png,1.6825448721647263
00018765_001.png,0.7714247796684504
00015377_001.png,9.258372336626053
00020158_004.png,0.6455955561250448
00018964_004.png,10.364612936973572
00007057_002.png,6.524980813264847
00023145_000.png,27.08243429660797
00008675_006.png,1.5842201188206673
00025461_002.png,0.15691656153649092
00016481_000.png,13.066147267818451
00028642_000.png,12.702776491641998
00022263_000.png,2.5852739810943604
00022651_003.png,7.896534353494644
00006273_005.png,12.282340973615646
00017881_006.png,0.004850951881962828
00018006_026.png,8.329995721578598
00020329_001.png,0.0
00017954_000.png,5.362388864159584
00019097_003.png,0.4210034850984812
00020274_007.png,5.794923007488251
00003393_043.png,12.852069735527039
00013977_005.png,8.745283633470535
00008692_001.png,0.18614762229844928
00019805_009.png,5.861534923315048
00007454_003.png,0.4909853916615248
00009814_001.png,4.736465960741043
00003365_000.png,24.378007650375366
00015920_002.png,2.8141481801867485
00026844_000.png,4.2908575385808945
00003423_012.png,1.2356175109744072
00007394_000.png,2.7853110805153847
00030536_004.png,0.6128427572548389
00000004_000.png,2.8618719428777695
00002547_008.png,0.0
00011627_000.png,7.404480129480362
00016568_033.png,2.925335429608822
00008951_003.png,0.7572389673441648
00022093_001.png,0.32632004003971815
00007848_005.png,2.12406013160944
00022738_000.png,0.8979061618447304
00018958_001.png,0.0
00020402_000.png,0.6190453190356493
00006926_001.png,5.247701331973076
00020941_000.png,0.6143794395029545
00003737_002.png,16.487976908683777
00014889_001.png,2.8076140210032463
00023033_000.png,1.9830431789159775
00008675_007.png,1.3002561405301094
00012087_022.png,0.5036700051277876
00016967_000.png,1.4210419729351997
00016568_018.png,1.5433638356626034
00017324_030.png,1.4765583910048008
00008435_007.png,5.739660561084747
00012045_054.png,13.862474262714386
00012087_019.png,6.120121479034424
00016550_019.png,17.44510531425476
00013581_000.png,0.01138390798587352
00019610_004.png,3.9904430508613586
00016805_007.png,1.5346045605838299
00027957_000.png,0.0
00006829_006.png,14.65429961681366
00004722_000.png,3.879345580935478
00005109_000.png,5.478880554437637
00008732_000.png,1.3613482005894184
00027300_000.png,4.287589341402054
00008943_004.png,7.984331250190735
00005776_010.png,0.07284571183845401
00017214_002.png,0.48768348060548306
00028392_003.png,1.8110865727066994
00003224_000.png,5.560705810785294
00012659_005.png,0.764175783842802
00002477_001.png,11.070265620946884
00010775_005.png,11.140081286430359
00020346_000.png,1.1812876909971237
00027927_009.png,0.9863569401204586
00022336_000.png,0.3415057435631752
00010814_009.png,0.07678879192098975
00000424_000.png,0.364249711856246
00021431_008.png,3.494379296898842
00000383_002.png,0.29472210444509983
00025505_002.png,10.454178601503372
00019176_039.png,4.293370246887207
00019124_063.png,1.0698049329221249
00021430_000.png,4.440084472298622
00020703_014.png,3.7015993148088455
00025923_001.png,1.0569442994892597
00022326_000.png,0.5718594416975975
00003881_001.png,0.4106180276721716
00006925_004.png,0.5760595668107271
00015503_004.png,3.1305138021707535
00010814_005.png,0.7908605970442295
00010516_000.png,2.7203498408198357
00028876_060.png,9.10198912024498
00020680_002.png,3.5526439547538757
00022837_009.png,5.013721808791161
00003423_009.png,5.366323888301849
00008557_000.png,11.83275282382965
00018839_000.png,0.09897456038743258
00006436_007.png,2.305702678859234
00016972_001.png,1.4922627247869968
00028963_002.png,6.4382292330265045
00005103_000.png,1.5556185506284237
00010980_002.png,0.4179727751761675
00012892_010.png,2.5562716647982597
00028876_035.png,14.223635196685791
00004806_001.png,4.7845181077718735
00004399_001.png,18.182437121868134
00004519_000.png,1.6595246270298958
00021942_002.png,4.543493688106537
00004911_023.png,1.0009299963712692
00010608_005.png,6.676733493804932
00018989_001.png,0.7936977781355381
00019124_025.png,2.1204961463809013
00025248_000.png,0.0
00020539_001.png,6.0879185795784
00006273_002.png,16.709931194782257
00001673_002.png,0.0
00003393_004.png,4.0768831968307495
00020195_002.png,6.743355840444565
00025611_000.png,0.38675786927342415
00030536_000.png,0.8341288194060326
00005448_022.png,9.344116598367691
00025695_004.png,6.890115141868591
00017089_001.png,6.7260004580020905
00010200_001.png,0.562618300318718
00007718_001.png,2.4957645684480667
00021179_007.png,4.69416081905365
00004547_001.png,1.1501471512019634
00001995_001.png,2.8860779479146004
00025128_000.png,9.248562157154083
00007391_003.png,5.57931512594223
00022737_002.png,3.7190992385149
00004519_002.png,8.005944639444351
00017324_009.png,2.3530520498752594
00000782_000.png,0.0
00004957_003.png,4.172096773982048
00012048_010.png,10.391517728567123
00008727_023.png,0.034099683398380876
00006436_011.png,7.117937505245209
00025707_018.png,10.743211209774017
00012377_000.png,1.9416999071836472
00026769_010.png,0.6518134381622076
00005506_000.png,13.918308913707733
00028265_006.png,1.9352374598383904
00011415_000.png,0.3573899855837226
00006360_003.png,1.1997086927294731
00025662_006.png,0.5563412792980671
00004957_004.png,3.4837495535612106
00023137_000.png,0.36570841912180185
00003875_013.png,2.4064335972070694
00014664_002.png,1.9511064514517784
00013977_001.png,6.248577684164047
00028265_003.png,2.9942991212010384
00005776_008.png,0.3359913360327482
00004911_018.png,2.111862227320671
00008152_000.png,7.975056022405624
00020408_030.png,0.5226990208029747
00027652_009.png,5.206691846251488
00002547_009.png,0.0
00018558_002.png,7.621177285909653
00021494_025.png,0.5306100472807884
00013935_003.png,0.021846199524588883
00029255_000.png,3.0302410945296288
00004498_001.png,8.916273713111877
00015793_003.png,8.265610784292221
00019056_004.png,4.659954085946083
00021212_006.png,0.0
00015507_002.png,0.024909075000323355
00012376_013.png,7.352142781019211
00014520_018.png,3.9468541741371155
00009461_001.png,0.1477007521316409
00000887_002.png,1.9502528011798859
00028265_004.png,2.847784571349621
00025906_000.png,1.2460051104426384
00019124_090.png,10.532434284687042
00016577_001.png,2.48760636895895
00020373_003.png,9.694360941648483
00003973_014.png,0.0
00026271_000.png,0.7877019234001637
00022726_013.png,8.942586183547974
00005502_016.png,2.707737684249878
00025457_003.png,3.1322047114372253
00006480_002.png,0.34115032758563757
00005624_004.png,1.9157614558935165
00021086_008.png,0.19397004507482052
00004528_000.png,0.2106890780851245
00013627_006.png,4.673691838979721
00017989_002.png,0.1131851109676063
00001006_015.png,2.831602655351162
00005456_006.png,1.415027491748333
00028626_005.png,12.633979320526123
00000711_010.png,3.0799193307757378
00020405_019.png,0.39138710126280785
00000204_005.png,0.7058935705572367
00022726_015.png,6.609761714935303
00004495_001.png,0.24427177850157022
00027131_006.png,2.516390383243561
00021505_000.png,1.8317341804504395
00019124_117.png,7.102610170841217
00012704_008.png,4.224024340510368
00023065_002.png,0.4527346696704626
00014731_002.png,8.291945606470108
00019124_095.png,5.989028885960579
00020124_000.png,3.4347735345363617
00008008_021.png,0.5402922630310059
00000372_015.png,4.710004478693008
00004333_000.png,6.658913195133209
00025368_019.png,2.4100009351968765
00025264_002.png,10.535968095064163
00007731_005.png,5.294540151953697
00003423_014.png,0.8970269002020359
00028626_001.png,13.606497645378113
00006029_000.png,0.878946203738451
00006926_002.png,3.589801862835884
00020703_033.png,2.5465233251452446
00020275_001.png,2.6433734223246574
00015892_000.png,6.492017209529877
00005875_000.png,0.1751768635585904
00006925_001.png,0.8589591830968857
00028796_000.png,3.4830760210752487
00011903_001.png,1.9111258909106255
00004049_000.png,1.703585498034954
00014140_008.png,2.248295024037361
00005493_010.png,6.849969923496246
00015754_003.png,0.9392612613737583
00029470_014.png,0.19396243151277304
00008893_000.png,0.7379931397736073
00012261_000.png,0.0
00013376_000.png,1.8587566912174225
00007757_007.png,6.792907416820526
00020393_002.png,4.543917626142502
00021179_009.png,4.882928729057312
00001182_005.png,0.9303119964897633
00014953_001.png,5.350618064403534
00003547_003.png,21.940316259860992
00009049_004.png,4.991208016872406
00001286_002.png,0.9016986936330795
00026791_001.png,1.5061297453939915
00029943_001.png,0.2177844988182187
00021166_000.png,9.244009852409363
00013904_003.png,18.782848119735718
00009431_017.png,0.7739260792732239
00019634_005.png,10.305128991603851
00016494_002.png,0.31466581858694553
00018559_000.png,0.6473875604569912
00005873_001.png,5.0583019852638245
00028317_001.png,1.5458625741302967
00013751_003.png,7.789298892021179
00018171_000.png,7.839649170637131
00006829_000.png,10.575006157159805
00004521_000.png,0.463260430842638
00009339_000.png,16.965825855731964
00018006_025.png,7.842351496219635
00028265_000.png,0.8331101387739182
00018810_001.png,2.6361508294939995
00027716_000.png,3.720330446958542
00008943_000.png,13.271358609199524
00026282_002.png,0.0
00012891_010.png,0.0
00019805_001.png,9.67467948794365
00007394_001.png,2.4276724085211754
00029156_000.png,0.22866565268486738
00022837_025.png,8.575406670570374
00022726_005.png,8.921273052692413
00013655_006.png,5.981012806296349
00017224_000.png,0.0024540788217564113
00025368_014.png,2.255326136946678
00014731_000.png,6.881450116634369
00000224_001.png,4.985492303967476
00015378_000.png,0.5477184429764748
00003369_017.png,14.856329560279846
00030497_000.png,2.3843441158533096
00007065_002.png,0.8077297359704971
00019373_058.png,7.180330157279968
00000499_011.png,3.391438350081444
00017106_000.png,1.9058991223573685
00012622_021.png,0.48137721605598927
00018964_000.png,7.864197343587875
00019308_000.png,1.569034531712532
00019328_008.png,4.731671139597893
00019124_109.png,6.862334907054901
00017141_000.png,3.7821944802999496
00030301_000.png,0.0
00012549_009.png,1.6451502218842506
00021070_000.png,1.073514949530363
00026925_009.png,0.2993086585775018
00025695_024.png,2.279217727482319
00016805_000.png,0.0
00019368_000.png,3.54943685233593
00000870_001.png,0.405142642557621
00013118_001.png,0.0
00015440_000.png,1.5391447581350803
00020398_033.png,0.8738613687455654
00022977_007.png,2.871815674006939
00000091_001.png,2.110140770673752
00015892_005.png,5.895229056477547
00019124_050.png,2.1389199420809746
00006925_003.png,0.3677492495626211
00003243_000.png,2.9312429949641228
00001006_004.png,0.027793608023785055
00016568_007.png,1.933320239186287
00017051_001.png,3.039991669356823
00011811_000.png,33.61935913562775
00015754_004.png,2.0513243973255157
00019634_004.png,8.350587636232376
00005269_000.png,1.2758414261043072
00013885_000.png,0.0
00003363_003.png,1.6935115680098534
00006713_014.png,1.417804416269064
00004547_003.png,0.6043643690645695
00012087_028.png,5.7849012315273285
00016986_013.png,3.9795026183128357
00016064_003.png,2.66793891787529
00028518_026.png,2.19221618026495
00006197_000.png,0.0
00017089_007.png,8.13213735818863
00016503_000.png,6.033968552947044
00021862_000.png,0.7947496138513088
00001278_004.png,4.363911598920822
00030023_004.png,1.393501553684473
00025812_005.png,11.46775335073471
00005674_001.png,1.9351577386260033
00005221_001.png,14.284797012805939
00018819_000.png,1.6069840639829636
00016805_001.png,3.0877498909831047
00019124_047.png,1.237457524985075
00021252_009.png,1.0564280673861504
00016508_065.png,3.346235305070877
00018102_001.png,19.018401205539703
00003284_000.png,3.586467355489731
00015679_003.png,0.8064718917012215
00004545_000.png,12.610460817813873
00005196_000.png,17.382796108722687
00022138_000.png,9.155785292387009
00009457_004.png,8.24078693985939
00012048_001.png,11.306840926408768
00003523_007.png,0.14253329718485475
00000711_009.png,3.422786295413971
00015792_002.png,9.571917355060577
00005694_003.png,4.014147073030472
00004399_000.png,14.648409187793732
00011821_000.png,13.795652985572815
00025181_017.png,4.653314873576164
00020156_000.png,2.9657047241926193
00022973_000.png,0.09475385304540396
00028626_003.png,11.854510754346848
00018860_023.png,3.1839940696954727
00006903_001.png,0.0
00028628_000.png,3.56806218624115
00001555_003.png,0.1191880670376122
00001182_001.png,2.5629978626966476
00027322_006.png,1.1896882206201553
00028742_000.png,2.36104317009449
00016971_012.png,3.5031236708164215
00020124_003.png,9.912069886922836
00022591_000.png,0.3088481491431594
00003300_004.png,3.0107321217656136
00026683_000.png,1.4229174703359604
00029579_009.png,3.184128552675247
00022628_000.png,2.063600532710552
00020333_003.png,9.77548062801361
00009875_006.png,4.465312883257866
00015095_000.png,0.41579105891287327
00017470_001.png,5.006988346576691
00002712_001.png,3.1742624938488007
00021112_000.png,2.0129017531871796
00002763_035.png,0.9078935720026493
00012701_000.png,1.6619302332401276
00004608_009.png,0.0
00017881_000.png,0.003181829015375115
00025585_000.png,2.8107773512601852
00019593_004.png,0.2772404346615076
00013933_000.png,2.0458679646253586
00019124_096.png,9.710218757390976
00025128_002.png,12.693417072296143
00012045_019.png,1.8210822716355324
00013904_002.png,4.416752979159355
00023078_003.png,0.4867591429501772
00015792_009.png,15.639445185661316
00025628_000.png,0.4896571859717369
00010144_003.png,0.8747820742428303
00015136_000.png,0.6379129830747843
00016587_049.png,2.966183051466942
00007274_005.png,0.127805199008435
00006096_003.png,8.334433287382126
00017028_000.png,8.575638383626938
00015556_011.png,0.7474836427718401
00017717_003.png,0.42411722242832184
00020703_009.png,1.5479423105716705
00019634_012.png,19.80844885110855
00006361_001.png,0.0
00014663_057.png,3.383535146713257
00015814_010.png,0.7906916551291943
00018006_027.png,9.863566607236862
00025444_004.png,0.32496501225978136
00006603_000.png,0.7195747457444668
00000756_004.png,1.0888207703828812
00000622_000.png,0.22885322105139494
00018765_006.png,1.0386253707110882
00022113_002.png,0.7645804435014725
00020179_000.png,3.593507781624794
00008701_033.png,0.1397475367411971
00019371_000.png,0.41634608060121536
00000798_005.png,2.6674913242459297
00002271_004.png,0.5164367146790028
00028453_002.png,0.7242048624902964
00019124_104.png,8.050835132598877
00015150_000.png,9.058523923158646
00017393_000.png,6.9703109562397
00019637_005.png,0.5090035032480955
00011235_005.png,1.5803975984454155
00000174_005.png,0.0
00010914_005.png,0.43805837631225586
00003369_016.png,15.182559192180634
00009457_000.png,17.762058973312378
00027929_000.png,0.57505052536726
00011885_002.png,2.0456742495298386
00005502_018.png,8.454258739948273
00012701_005.png,1.2256237678229809
00028013_003.png,0.2557663479819894
00004086_000.png,0.6054071243852377
00015556_018.png,0.48633781261742115
00021420_008.png,3.3034853637218475
00020156_007.png,1.4518198557198048
00001832_001.png,0.7497763726860285
00004806_000.png,5.2050478756427765
00019717_000.png,4.629573225975037
00003126_016.png,0.08675565477460623
00018792_000.png,5.5591389536857605
00021067_000.png,0.1629189937375486
00002165_001.png,1.1349230073392391
00012161_002.png,4.302699491381645
00008544_000.png,10.146665573120117
00004519_013.png,11.074989289045334
00002720_023.png,10.09451448917389
00003868_002.png,2.3552577942609787
00027621_009.png,1.3665230944752693
00005666_013.png,2.0453302189707756
00009604_000.png,23.94874095916748
00018751_002.png,6.993149966001511
00022651_026.png,4.741133004426956
00002203_000.png,0.5223654210567474
00002763_032.png,2.9944535344839096
00014822_020.png,4.0902212262153625
00015421_000.png,0.07657082169316709
00018964_015.png,8.653619140386581
00025512_000.png,2.0036743953824043
00016142_010.png,12.228769809007645
00008386_002.png,1.3354024849832058
00021403_002.png,0.6273490842431784
00015503_000.png,5.168992653489113
00015920_010.png,3.995079919695854
00028624_004.png,0.48787896521389484
00020390_000.png,0.45798439532518387
00001395_001.png,1.612401194870472
00008345_004.png,4.7934770584106445
00004968_002.png,0.12854549568146467
00018607_003.png,3.120383247733116
00014300_000.png,2.2106532007455826
00022363_000.png,0.2133430214598775
00025833_000.png,3.652447834610939
00029617_010.png,7.664084434509277
00020703_032.png,1.4846733771264553
00020987_000.png,30.02108931541443
00015775_001.png,1.469690166413784
00019124_082.png,9.506236761808395
00000199_005.png,0.7816529832780361
00025206_003.png,11.555972695350647
00009690_001.png,4.747055843472481
00018588_005.png,10.232292115688324
00029809_000.png,0.5407992284744978
00002264_002.png,0.6557146087288857
00021420_032.png,4.461231082677841
00016587_058.png,2.483331225812435
00023164_000.png,2.0073572173714638
00028876_004.png,1.1050086468458176
00004494_000.png,0.0
00005416_002.png,11.226992309093475
00020680_005.png,3.522224724292755
00020680_004.png,6.389377266168594
00019373_005.png,7.557276636362076
00002252_000.png,0.0422701210482046
00023033_012.png,2.192278578877449
00002721_000.png,0.28806941118091345
00015679_000.png,0.23586705792695284
00010592_003.png,1.0457223281264305
00003733_005.png,0.2241483423858881
00022119_000.png,0.7586054038256407
00015754_008.png,0.5180800333619118
00006338_011.png,0.7974228821694851
00005694_002.png,5.33529706299305
00025342_008.png,3.1414009630680084
00022684_005.png,0.8884160779416561
00014567_001.png,0.0
00012486_001.png,12.70570456981659
00010200_002.png,0.0
00000322_007.png,1.310073398053646
00018443_008.png,1.6102280467748642
00019124_106.png,13.365723192691803
00008395_003.png,0.6336077582091093
00009403_006.png,2.452932298183441
00018003_002.png,0.13975625624880195
00004170_000.png,0.26952866464853287
00016937_018.png,4.564223065972328
00029015_000.png,8.775878697633743
00003355_003.png,0.039336629561148584
00025714_000.png,0.0
00014956_011.png,10.122017562389374
00014663_017.png,16.069214046001434
00022065_010.png,0.09248380665667355
00004872_001.png,17.617781460285187
00011478_006.png,17.90238320827484
00026064_001.png,2.1821804344654083
00018102_003.png,16.514816880226135
00005918_000.png,4.450866207480431
00021179_008.png,8.26851949095726
00025150_003.png,3.7788335233926773
00014895_001.png,1.4202868565917015
00006338_007.png,1.3224012218415737
00015222_004.png,1.4747323468327522
00017819_006.png,4.472661018371582
00025181_016.png,7.797252386808395
00006794_002.png,0.0
00007285_002.png,1.4646658673882484
00029909_004.png,6.945855915546417
00022726_019.png,5.130172893404961
00006642_012.png,0.01991598983295262
00008950_000.png,4.960322007536888
00029844_002.png,4.787527769804001
00021449_006.png,5.772676691412926
00000282_000.png,5.511435493826866
00015369_002.png,5.992698669433594
00006952_005.png,0.0
00023078_000.png,0.6757687777280807
00021362_005.png,0.7256689947098494
00022726_020.png,4.876527562737465
00025858_000.png,0.05880628013983369
00004808_077.png,2.623951993882656
00020393_005.png,9.036005288362503
00021495_000.png,0.49964431673288345
00020374_000.png,0.628657778725028
00021201_003.png,0.6037565879523754
00007717_008.png,0.20208775531500578
00020368_000.png,7.899896800518036
00003055_000.png,0.6655917502939701
00020047_002.png,7.367496192455292
00020393_007.png,3.5684745758771896
00019308_001.png,5.174465477466583
00019124_022.png,2.0467353984713554
00012973_008.png,1.5170969069004059
00006699_004.png,3.0701151117682457
00010215_000.png,4.365238919854164
00015563_006.png,0.0
00022030_004.png,3.4481950104236603
00018558_004.png,5.711384862661362
00012045_047.png,4.1381340473890305
00020716_001.png,0.0
00019373_008.png,3.34104560315609
00015147_006.png,2.3201214149594307
00013231_003.png,2.3740915581583977
00004519_006.png,7.874031364917755
00001285_000.png,2.6127416640520096
00023033_011.png,2.1002430468797684
00004546_000.png,4.580051079392433
00005895_023.png,1.3271278701722622
00023033_013.png,4.316173866391182
00018117_018.png,0.9229540824890137
00026773_001.png,0.1366275711916387
00020277_003.png,0.0
00019373_033.png,10.79520657658577
00023198_001.png,0.2512680599465966
00026292_007.png,0.6467108614742756
00005940_001.png,0.0
00009403_007.png,1.4307237230241299
00011974_000.png,8.105932921171188
00026853_000.png,4.37033511698246
00014298_000.png,5.6218404322862625
00006096_006.png,7.19057098031044
00018331_003.png,14.717437326908112
00000013_025.png,3.5710174590349197
00020393_006.png,7.495920360088348
00000372_000.png,1.2964308261871338
00024313_002.png,0.3062673844397068
00020195_001.png,7.2289519011974335
00010815_025.png,0.08703290368430316
00020631_003.png,0.0
00010815_021.png,1.2976701371371746
00007482_000.png,0.8264346979558468
00014822_029.png,6.6240668296813965
00015556_010.png,0.5218233913183212
00018964_008.png,16.11000895500183
00019882_000.png,9.846962243318558
00026613_000.png,0.8184900507330894
00030520_003.png,12.492235004901886
00020680_006.png,5.56134395301342
00026319_000.png,2.918395586311817
00020703_025.png,4.647896438837051
00020703_010.png,3.7345387041568756
00030497_001.png,15.525153279304504
00002868_000.png,8.242788910865784
00012376_017.png,8.697418123483658
00015893_000.png,1.5888230875134468
00022837_020.png,6.5261296927928925
00017562_003.png,1.3179969042539597
00013463_001.png,1.9035249948501587
00011621_001.png,0.38359398022294044
00013665_001.png,0.5875550676137209
00005218_012.png,1.9849767908453941
00016556_002.png,1.5966912731528282
00030413_003.png,0.1862195087596774
00017864_001.png,0.7066141348332167
00015310_001.png,8.880246430635452
00017199_012.png,1.887248083949089
00010608_000.png,0.6344170775264502
00016440_000.png,0.5157799459993839
00003846_000.png,17.904430627822876
00003061_000.png,0.5056675523519516
00014755_001.png,1.225568912923336
00010509_002.png,1.642690971493721
00019373_037.png,8.708871901035309
00027054_001.png,0.20401030778884888
00021609_007.png,3.7254750728607178
00015583_000.png,0.8009519428014755
00026478_003.png,0.21896196994930506
00018427_004.png,1.0905907489359379
00007417_004.png,5.220963433384895
00020195_024.png,3.989763557910919
00013130_000.png,2.1256832405924797
00016798_008.png,0.3177365520969033
00000128_000.png,0.4486620891839266
00014731_010.png,4.118913784623146
00008101_000.png,1.8009284511208534
00018853_001.png,2.4540122598409653
00010646_000.png,10.614465177059174
00019373_050.png,4.538684710860252
00001456_000.png,0.0
00022684_004.png,0.28052981942892075
00018964_007.png,15.724235773086548
00026684_000.png,1.4177541248500347
00027131_007.png,4.9415480345487595
00028535_005.png,4.917638376355171
00022138_001.png,7.29462057352066
00013244_001.png,2.057308703660965
00029310_000.png,0.3940397873520851
00023018_000.png,1.145095843821764
00026004_002.png,9.062234312295914
00016404_007.png,0.6643305066972971
00028642_001.png,10.915545374155045
00005388_004.png,3.7778396159410477
00020583_000.png,13.888084888458252
00025332_000.png,0.07081865915097296
00020405_016.png,0.8631533943116665
00000093_001.png,5.606448650360107
00021708_002.png,2.122337743639946
00013376_001.png,1.7976248636841774
00019634_003.png,23.446422815322876
00022586_000.png,1.0056301951408386
00020488_003.png,0.263093551620841
00019766_019.png,0.3969287034124136
00014844_000.png,0.0
00009457_001.png,9.667007625102997
00012045_034.png,0.0
00004574_000.png,1.4048282988369465
00005472_002.png,1.2372948229312897
00000820_009.png,2.1422024816274643
00006440_002.png,2.439664676785469
00006832_013.png,7.061623781919479
00022454_009.png,0.0
00017324_015.png,2.4013932794332504
00004722_001.png,2.489929646253586
00028563_000.png,13.249757885932922
00012045_052.png,10.679785907268524
00018443_009.png,1.4720302075147629
00016700_000.png,0.7072833366692066
00025394_001.png,17.271964251995087
00026769_011.png,1.1070234701037407
00015793_002.png,6.891708821058273
00003523_001.png,0.0
00004436_000.png,3.714141622185707
00017541_007.png,1.3345930725336075
00000199_002.png,1.1753092519938946
00026769_007.png,4.2315129190683365
00010887_005.png,0.18669911660254002
00016019_008.png,10.793279856443405
00020274_022.png,3.1345203518867493
00028923_001.png,1.4583916403353214
00022208_001.png,0.13650550972670317
00022359_002.png,13.120150566101074
00022030_001.png,1.5708675608038902
00017098_014.png,2.425340935587883
00007718_007.png,1.5533972531557083
00012045_053.png,10.708872228860855
00018536_001.png,0.26956761721521616
00020921_002.png,3.119341842830181
00020703_001.png,2.5528650730848312
00006833_001.png,1.377078890800476
00006338_003.png,2.0888542756438255
00016019_007.png,16.250300407409668
00021708_001.png,1.2028010562062263
00000372_016.png,4.935184493660927
00022954_000.png,5.8196257799863815
00020195_004.png,3.3308491110801697
00018366_010.png,1.874624378979206
00012434_001.png,4.579484090209007
00010634_007.png,4.606105759739876
00015113_002.png,1.5692587941884995
00025394_002.png,8.351042866706848
00019730_018.png,0.45913015492260456
00022651_006.png,4.257850721478462
00010516_001.png,1.4980933628976345
00005666_005.png,2.0189549773931503
00016805_008.png,2.368980646133423
00011598_029.png,1.1453129351139069
00015252_001.png,0.601190235465765
00025812_006.png,7.5378961861133575
00016615_004.png,0.5199212580919266
00023313_006.png,2.243252657353878
00005182_000.png,1.2859739363193512
00020016_000.png,3.052937425673008
00005862_001.png,0.6638059392571449
00018591_004.png,11.948233842849731
00013790_000.png,2.849218249320984
00010319_001.png,0.0
00025437_000.png,0.7890629582107067
00014956_037.png,1.7909839749336243
00003733_006.png,1.1480418965220451
00028219_006.png,13.178662955760956
00014956_010.png,1.9216615706682205
00020703_012.png,3.930823877453804
00000232_001.png,2.303343079984188
00005935_003.png,0.6010791752487421
00003046_000.png,0.0981304794549942
00004928_002.png,12.27080300450325
00015333_000.png,7.137428969144821
00014454_006.png,0.9311548434197903
00018586_000.png,0.5217159166932106
00005448_008.png,5.684288591146469
00009671_001.png,11.738207936286926
00028876_030.png,4.503103718161583
00025784_000.png,3.8234803825616837
00022726_002.png,5.225958302617073
00003547_002.png,26.133570075035095
00005578_001.png,3.491939604282379
00016167_007.png,0.3932569641619921
00021289_000.png,3.5990845412015915
00005609_029.png,2.408738061785698
00015892_007.png,3.7358757108449936
00005512_009.png,0.7927144877612591
00025206_004.png,12.483204901218414
00016986_011.png,3.707168996334076
00018964_010.png,13.64252120256424
00004144_001.png,2.0042940974235535
00029579_005.png,2.639773301780224
00011401_000.png,4.409889504313469
00004035_000.png,7.781530916690826
00018592_008.png,1.1010292917490005
00004738_001.png,2.5946766138076782
00026223_000.png,4.961852729320526
00002422_000.png,2.086128108203411
00003851_005.png,0.0
00027131_001.png,2.396686002612114
00026993_000.png,13.24554979801178
00017799_000.png,0.009934630361385643
00029269_000.png,0.3024965990334749
00016556_001.png,1.9233640283346176
00005311_007.png,6.353163719177246
00021922_000.png,6.909320503473282
00025680_010.png,0.8211018517613411
00020405_013.png,0.924986694008112
00018102_002.png,15.587829053401947
00004348_000.png,0.0
00025936_001.png,2.855600044131279
00019097_004.png,1.7130715772509575
00017747_016.png,0.08747362880967557
00017747_031.png,1.1151768267154694
00022837_030.png,7.893836498260498
00014731_013.png,6.165658682584763
00020095_001.png,0.2638172125443816
00028965_000.png,0.31526386737823486
00027875_004.png,2.2378137335181236
00016811_005.png,1.4596259221434593
00019966_000.png,2.5304771959781647
00015147_001.png,10.269203037023544
00019805_011.png,14.21886682510376
00005153_000.png,15.159901976585388
00006360_001.png,3.9342574775218964
00000174_001.png,0.36922453437000513
00017051_004.png,13.571564853191376
00020269_002.png,0.11476842919364572
00022037_001.png,0.0
00000370_006.png,0.0
00004957_005.png,2.823401242494583
00018588_002.png,11.283379793167114
00021403_001.png,0.7563948165625334
00019124_049.png,1.5128785744309425
00011265_000.png,1.686914823949337
00004520_000.png,8.212664723396301
00012376_011.png,3.7657272070646286
00000105_005.png,0.8563817478716373
00020974_002.png,2.2573675960302353
00026746_000.png,9.448328614234924
00030534_000.png,3.8747910410165787
00007501_001.png,5.685019865632057
00003436_000.png,0.0
00028194_000.png,1.984226144850254
00025812_004.png,10.74937954545021
00018558_003.png,6.627143174409866
00020070_004.png,0.7341895252466202
00019635_007.png,7.994169741868973
00012048_000.png,1.2126131914556026
00005527_000.png,4.767724499106407
00000132_005.png,0.2305708359926939
00026545_000.png,0.0
00003062_008.png,0.9377028793096542
00021609_004.png,0.3301316173747182
00003393_003.png,3.860938176512718
00025368_023.png,2.594955265522003
00020047_001.png,9.89702045917511
00014939_001.png,0.5903325974941254
00019071_000.png,8.404049277305603
00018331_002.png,9.92751345038414
00000820_006.png,2.4588381871581078
00027019_000.png,0.5833008326590061
00006010_000.png,13.92047107219696
00029159_003.png,1.1007369495928288
00015920_009.png,6.567195802927017
00009168_002.png,0.6764356046915054
00025858_002.png,2.4188442155718803
00004523_012.png,0.626812968403101
00003455_001.png,0.9436139836907387
00016971_000.png,15.842756628990173
00012891_000.png,6.514441221952438
00001673_011.png,0.0
00025237_000.png,0.45212144032120705
00006330_005.png,0.9110650978982449
00020398_031.png,6.3272058963775635
00029223_001.png,0.1574220135807991
00015112_006.png,8.336172252893448
00004652_008.png,0.824340432882309
00001900_020.png,3.472081944346428
00023068_047.png,0.19377751741558313
00020274_006.png,2.2966494783759117
00016568_051.png,10.042132437229156
00008298_000.png,0.7522102911025286
00014274_008.png,0.16794400289654732
00028421_003.png,3.466198593378067
00019373_051.png,9.423235058784485
00012376_001.png,4.047396034002304
00001465_000.png,0.6146879866719246
00004928_004.png,13.246296346187592
00004519_012.png,11.019842326641083
00022837_027.png,8.714810758829117
00002885_003.png,0.1148107461631298
00013574_005.png,0.45880405232310295
00008727_000.png,0.0
00016007_000.png,0.025701208505779505
00021398_001.png,9.287048131227493
00018964_006.png,18.065449595451355
00014454_004.png,1.3337883166968822
00005110_002.png,0.12421490391716361
00015555_000.png,8.408921211957932
00012850_000.png,1.8226554617285728
00005799_000.png,0.38928454741835594
00029861_000.png,4.599824547767639
00028589_004.png,0.301929353736341
00009185_000.png,1.1647705920040607
00018646_000.png,4.313819110393524
00006214_006.png,1.6348186880350113
00006273_003.png,19.238048791885376
00023033_002.png,1.9018309190869331
00014758_006.png,11.674971133470535
00018536_003.png,1.1671502143144608
00017599_004.png,1.762562245130539
00029475_000.png,0.0
00006338_006.png,3.2767925411462784
00027885_000.png,1.283462718129158
00025848_000.png,6.119354069232941
00013079_000.png,3.21192666888237
00025695_010.png,5.167528614401817
00016521_001.png,1.003762986510992
00006642_002.png,1.1443021707236767
00012891_012.png,0.5624111741781235
00007862_003.png,0.0
00021207_000.png,0.584519375115633
00004911_015.png,2.0840801298618317
00000340_001.png,0.5690204910933971
00011049_001.png,2.2178923711180687
00003610_009.png,0.028233209741301835
00004170_004.png,0.055974029237404466
00020703_000.png,1.3428473845124245
00021495_005.png,0.6116247270256281
00020938_001.png,7.860548794269562
00019785_009.png,2.2371117025613785
00027957_004.png,0.011428981088101864
00003503_002.png,4.64792475104332
00001167_000.png,0.036970878136344254
00019124_048.png,1.1573100462555885
00005895_018.png,0.7562690880149603
00017544_001.png,4.311006143689156
00005970_006.png,2.805641293525696
00020156_005.png,0.7532557938247919
00013904_006.png,4.013453423976898
00001320_002.png,2.770116738975048
00020408_028.png,0.7718887180089951
00027998_000.png,2.178673818707466
00022374_007.png,1.5251841396093369
00018865_040.png,0.896025262773037
00022260_009.png,0.8082044310867786
00006851_008.png,1.6129771247506142
00017401_000.png,0.0
00020823_000.png,3.2901864498853683
00005094_016.png,0.1388956676237285
00008841_032.png,5.543464049696922
00000798_034.png,1.0224252007901669
00029943_011.png,0.2877606777474284
00025368_003.png,2.3395229130983353
00021286_001.png,5.892135202884674
00016980_000.png,0.0006982511877140496
00010220_000.png,0.6250756792724133
00021494_004.png,0.20665121264755726
00014218_000.png,5.122259631752968
00028421_005.png,6.452738493680954
00022412_002.png,0.18107572104781866
00010959_011.png,5.542997643351555
00015556_020.png,0.8692418225109577
00004519_003.png,10.45706421136856
00015112_005.png,4.481865838170052
00022374_000.png,4.023813456296921
00020680_007.png,5.115646496415138
00006207_004.png,0.3790796035900712
00020624_015.png,0.38755605928599834
00019279_000.png,1.6820546239614487
00016801_008.png,0.9173196740448475
00016798_009.png,0.3164673922583461
00020405_022.png,2.3249590769410133
00020974_003.png,3.487217426300049
00010507_006.png,3.036751039326191
00025777_000.png,1.5845950692892075
00011811_004.png,30.98198175430298
00005962_001.png,0.0
00029301_000.png,4.582652822136879
00008620_002.png,0.7190552074462175
00023313_010.png,4.910008981823921
00005294_000.png,15.061013400554657
00004519_004.png,5.094017460942268
00007497_009.png,5.343754217028618
00000693_003.png,1.9508356228470802
00020589_003.png,0.12460569851100445
00018652_001.png,1.0939131490886211
00018331_001.png,12.004252523183823
00006518_003.png,11.531978100538254
00019634_008.png,7.9471394419670105
00006558_000.png,24.628207087516785
00019124_115.png,6.800737977027893
00012891_009.png,0.54273153655231
00028271_003.png,0.0
00006197_001.png,0.0
00020393_001.png,7.520080357789993
00001722_001.png,1.9093703478574753
00014291_000.png,2.717684954404831
00015831_005.png,0.0
00003067_000.png,0.22008651867508888
00020332_000.png,0.5716931540518999
00028659_000.png,4.500698298215866
00030338_002.png,0.0
00020703_030.png,4.090737923979759
00001442_000.png,0.9477266110479832
00020703_018.png,5.3240470588207245
00027588_000.png,0.373017112724483
00020072_001.png,2.0061660557985306
00016556_000.png,8.716077357530594
00020680_003.png,6.6713981330394745
00015920_005.png,4.688805714249611
00016587_069.png,1.2404254637658596
00001014_001.png,0.0
00020611_001.png,8.751734346151352
00028896_000.png,1.995646394789219
00004519_010.png,13.164088129997253
00029863_022.png,3.4150250256061554
00006072_001.png,11.253903806209564
00012376_002.png,4.6869587153196335
00009137_001.png,5.319239944219589
00029757_000.png,1.8866078928112984
00001555_002.png,0.3557466669008136
00019006_001.png,9.009772539138794
00019124_102.png,8.836732059717178
00013951_004.png,0.0
00025128_008.png,13.847674429416656
00015792_008.png,19.44562792778015
00007405_014.png,16.95616990327835
00021887_003.png,0.06424581515602767
00019537_001.png,2.422039210796356
00014981_003.png,2.2798873484134674
00020611_000.png,8.887587487697601
00001278_014.png,3.0224500223994255
00025457_000.png,1.787007786333561
00020767_000.png,1.061015110462904
00002133_002.png,0.46452623791992664
00002477_000.png,13.38750571012497
00006851_007.png,0.9993198327720165
00024876_000.png,0.0
00000370_008.png,1.3709021732211113
00029313_001.png,1.6748996451497078
00013499_000.png,26.350757479667664
00028219_000.png,9.81527715921402
00026585_000.png,6.335190683603287
00002361_008.png,8.884093165397644
00015920_007.png,5.554060265421867
00030183_001.png,4.576642066240311
00015913_001.png,7.120319455862045
00022726_011.png,11.56170442700386
00021300_000.png,0.875954981893301
00003503_004.png,6.222802028059959
00021374_000.png,1.6394123435020447
00019124_116.png,10.933155566453934
00025515_001.png,1.4269673265516758
00009709_009.png,4.805227741599083
00027042_000.png,0.24640767369419336
00003550_000.png,19.74567025899887
00028359_002.png,11.835300922393799
00000315_003.png,1.5329919755458832
00021887_004.png,0.0694361631758511
00023033_003.png,1.5105657279491425
00021179_006.png,5.995582416653633
00015506_000.png,8.559409528970718
00003285_002.png,4.859957844018936
00012045_050.png,13.853904604911804
00014208_008.png,0.26385183446109295
00019643_013.png,1.4547208324074745
