filename,percentage
00000004_000.png,100.0
00000008_002.png,100.0
00000013_025.png,100.0
00000021_000.png,100.0
00000023_004.png,100.0
00000056_000.png,100.0
00000061_025.png,100.0
00000071_004.png,100.0
00000093_001.png,98.91057648660917
00000105_005.png,100.0
00000128_000.png,100.0
00000133_000.png,100.0
00000164_000.png,100.0
00000174_005.png,100.0
00000199_005.png,100.0
00000200_000.png,100.0
00000204_005.png,100.0
00000224_001.png,71.46833681280445
00000250_003.png,100.0
00000275_000.png,100.0
00000315_003.png,100.0
00000322_007.png,100.0
00000344_004.png,100.0
00000361_000.png,100.0
00000372_015.png,100.0
00000383_001.png,100.0
00000399_000.png,100.0
00000424_000.png,100.0
00000499_011.png,100.0
00000545_009.png,100.0
00000556_000.png,100.0
00000569_005.png,100.0
00000622_000.png,100.0
00000646_001.png,100.0
00000693_001.png,100.0
00000711_010.png,100.0
00000744_001.png,100.0
00000756_004.png,100.0
00000782_000.png,100.0
00000798_005.png,100.0
00000820_000.png,100.0
00000870_001.png,100.0
00000887_002.png,100.0
00000949_004.png,100.0
00000963_016.png,100.0
00000971_002.png,100.0
00000989_000.png,100.0
00000992_000.png,100.0
00000999_000.png,100.0
00001006_015.png,100.0
00001014_001.png,100.0
00001089_000.png,100.0
00001093_013.png,100.0
00001154_003.png,100.0
00001167_000.png,79.15057915057915
00001278_004.png,100.0
00001285_000.png,100.0
00001286_000.png,100.0
00001320_002.png,100.0
00001322_001.png,100.0
00001333_000.png,100.0
00001395_001.png,100.0
00001444_000.png,100.0
00001456_000.png,100.0
00001465_000.png,100.0
00001555_003.png,100.0
00001584_001.png,100.0
00001627_000.png,100.0
00001673_002.png,100.0
00001738_002.png,100.0
00001772_001.png,100.0
00001782_000.png,100.0
00001832_001.png,100.0
00001847_010.png,100.0
00001850_001.png,100.0
00001900_036.png,100.0
00001920_001.png,100.0
00002018_000.png,100.0
00002028_000.png,100.0
00002058_001.png,100.0
00002144_000.png,100.0
00002203_000.png,100.0
00002204_001.png,100.0
00002248_005.png,100.0
00002252_000.png,100.0
00002264_002.png,100.0
00002271_004.png,100.0
00002337_012.png,100.0
00002353_003.png,100.0
00002361_007.png,100.0
00002364_001.png,100.0
00002417_000.png,100.0
00002422_000.png,100.0
00002424_001.png,100.0
00002431_000.png,100.0
00002437_011.png,100.0
00002477_001.png,99.34829833454019
00002509_000.png,100.0
00002513_004.png,100.0
00002544_003.png,100.0
00002547_004.png,100.0
00002657_000.png,100.0
00002668_006.png,100.0
00002712_001.png,100.0
00002720_025.png,100.0
00002721_000.png,100.0
00002759_000.png,100.0
00002763_035.png,100.0
00002785_001.png,100.0
00002868_006.png,100.0
00002919_006.png,100.0
00002943_000.png,100.0
00003029_002.png,100.0
00003046_000.png,100.0
00003055_000.png,100.0
00003062_008.png,100.0
00003067_000.png,100.0
00003101_003.png,100.0
00003126_016.png,100.0
00003243_000.png,100.0
00003273_000.png,100.0
00003279_002.png,100.0
00003284_000.png,100.0
00003285_000.png,100.0
00003300_006.png,98.37802052300563
00003302_000.png,100.0
00003340_000.png,100.0
00003355_003.png,100.0
00003369_017.png,100.0
00003393_052.png,100.0
00003408_001.png,100.0
00003423_006.png,100.0
00003436_000.png,100.0
00003455_001.png,100.0
00003503_001.png,100.0
00003519_001.png,99.50712902657983
00003523_007.png,100.0
00003547_000.png,100.0
00003589_000.png,100.0
00003603_000.png,100.0
00003604_000.png,100.0
00003610_009.png,100.0
00003654_000.png,100.0
00003664_000.png,100.0
00003704_000.png,100.0
00003733_004.png,100.0
00003737_002.png,100.0
00003751_003.png,100.0
00003759_000.png,100.0
00003832_001.png,100.0
00003846_000.png,100.0
00003851_005.png,100.0
00003868_002.png,100.0
00003875_013.png,100.0
00003891_000.png,100.0
00003896_001.png,100.0
00003948_001.png,100.0
00003983_000.png,100.0
00003993_000.png,100.0
00004001_013.png,100.0
00004035_000.png,100.0
00004086_000.png,100.0
00004132_006.png,100.0
00004144_001.png,100.0
00004163_000.png,100.0
00004170_003.png,100.0
00004172_000.png,100.0
00004176_002.png,100.0
00004214_000.png,98.13780260707635
00004219_000.png,100.0
00004224_001.png,100.0
00004266_000.png,100.0
00004333_000.png,100.0
00004348_000.png,100.0
00004377_000.png,100.0
00004381_002.png,100.0
00004396_001.png,100.0
00004494_000.png,100.0
00004498_001.png,100.0
00004519_000.png,100.0
00004521_000.png,100.0
00004523_012.png,100.0
00004528_000.png,100.0
00004532_006.png,100.0
00004545_000.png,100.0
00004574_000.png,100.0
00004608_009.png,100.0
00004652_008.png,100.0
00004722_000.png,100.0
00004738_001.png,100.0
00004857_018.png,100.0
00004872_001.png,100.0
00004928_003.png,100.0
00004945_000.png,100.0
00004957_003.png,100.0
00004968_002.png,100.0
00004995_000.png,100.0
00005024_000.png,100.0
00005053_000.png,100.0
00005091_000.png,100.0
00005103_000.png,100.0
00005107_000.png,100.0
00005109_000.png,84.98435870698644
00005110_002.png,100.0
00005114_004.png,100.0
00005115_001.png,100.0
00005140_000.png,100.0
00005153_000.png,100.0
00005196_000.png,100.0
00005211_000.png,100.0
00005218_027.png,100.0
00005221_001.png,100.0
00005269_000.png,100.0
00005294_000.png,94.63501869614697
00005388_004.png,100.0
00005406_000.png,100.0
00005414_000.png,100.0
00005415_000.png,100.0
00005416_002.png,100.0
00005448_021.png,100.0
00005467_005.png,100.0
00005472_002.png,100.0
00005487_000.png,100.0
00005506_001.png,99.51008645533142
00005512_009.png,100.0
00005545_003.png,100.0
00005578_001.png,100.0
00005582_000.png,100.0
00005604_000.png,100.0
00005607_001.png,100.0
00005609_029.png,100.0
00005622_001.png,100.0
00005624_002.png,100.0
00005663_004.png,100.0
00005664_000.png,100.0
00005674_001.png,100.0
00005681_045.png,100.0
00005683_000.png,100.0
00005694_003.png,100.0
00005753_000.png,100.0
00005774_000.png,100.0
00005777_003.png,100.0
00005799_000.png,100.0
00005862_001.png,100.0
00005875_000.png,100.0
00005895_019.png,100.0
00005904_001.png,100.0
00005918_000.png,99.02097902097901
00005936_004.png,100.0
00005939_007.png,100.0
00005940_001.png,100.0
00005962_001.png,100.0
00005970_006.png,100.0
00005977_010.png,100.0
00006010_000.png,99.54436971143416
00006072_001.png,100.0
00006084_003.png,100.0
00006123_004.png,100.0
00006197_000.png,100.0
00006214_006.png,100.0
00006233_000.png,100.0
00006247_001.png,100.0
00006252_001.png,100.0
00006253_002.png,100.0
00006273_005.png,100.0
00006330_006.png,100.0
00006338_009.png,100.0
00006360_002.png,100.0
00006425_001.png,100.0
00006436_006.png,100.0
00006458_000.png,100.0
00006462_001.png,100.0
00006471_000.png,100.0
00006480_002.png,100.0
00006497_001.png,100.0
00006517_007.png,100.0
00006518_003.png,100.0
00006558_000.png,99.84401247900168
00006586_001.png,100.0
00006598_001.png,100.0
00006603_000.png,100.0
00006631_003.png,100.0
00006642_004.png,100.0
00006690_000.png,100.0
00006699_004.png,55.495772482705604
00006713_000.png,100.0
00006727_000.png,100.0
00006736_000.png,100.0
00006751_000.png,100.0
00006764_003.png,100.0
00006766_000.png,100.0
00006791_006.png,100.0
00006794_002.png,100.0
00006832_013.png,100.0
00006833_002.png,100.0
00006851_008.png,100.0
00006879_000.png,100.0
00006881_002.png,100.0
00006925_004.png,100.0
00006926_001.png,100.0
00006950_001.png,100.0
00006952_005.png,100.0
00007017_009.png,100.0
00007065_002.png,100.0
00007076_006.png,100.0
00007125_002.png,100.0
00007206_000.png,100.0
00007209_001.png,100.0
00007227_000.png,100.0
00007246_001.png,100.0
00007274_005.png,100.0
00007281_000.png,100.0
00007283_004.png,100.0
00007285_002.png,100.0
00007315_000.png,100.0
00007321_009.png,100.0
00007391_003.png,100.0
00007405_014.png,100.0
00007411_005.png,100.0
00007417_004.png,100.0
00007482_003.png,100.0
00007501_004.png,100.0
00007605_000.png,100.0
00007717_008.png,100.0
00007718_009.png,100.0
00007732_000.png,100.0
00007757_007.png,100.0
00007797_000.png,100.0
00007848_006.png,100.0
00007886_000.png,100.0
00007947_000.png,100.0
00008008_021.png,100.0
00008022_000.png,100.0
00008036_004.png,100.0
00008064_001.png,100.0
00008101_000.png,100.0
00008191_005.png,100.0
00008204_000.png,100.0
00008236_000.png,100.0
00008295_008.png,100.0
00008298_000.png,100.0
00008326_001.png,100.0
00008386_000.png,100.0
00008395_003.png,100.0
00008435_008.png,100.0
00008503_000.png,100.0
00008543_000.png,100.0
00008544_000.png,100.0
00008557_000.png,100.0
00008626_024.png,100.0
00008636_003.png,100.0
00008675_006.png,100.0
00008692_001.png,100.0
00008695_000.png,100.0
00008701_036.png,100.0
00008727_023.png,100.0
00008785_000.png,100.0
00008823_000.png,100.0
00008888_001.png,100.0
00008892_003.png,100.0
00008947_001.png,98.72944693572497
00008948_000.png,100.0
00008950_000.png,100.0
00008951_003.png,100.0
00009021_003.png,100.0
00009049_004.png,100.0
00009137_001.png,100.0
00009157_000.png,100.0
00009168_002.png,100.0
00009237_025.png,100.0
00009293_005.png,100.0
00009339_000.png,100.0
00009403_006.png,100.0
00009446_004.png,100.0
00009457_004.png,100.0
00009461_001.png,100.0
00009465_000.png,100.0
00009528_000.png,100.0
00009604_000.png,100.0
00009640_005.png,100.0
00009649_002.png,100.0
00009671_001.png,100.0
00009679_000.png,100.0
00009690_002.png,100.0
00009814_001.png,100.0
00009875_006.png,100.0
00009889_011.png,100.0
00009921_000.png,100.0
00009953_011.png,100.0
00009955_000.png,100.0
00009967_002.png,100.0
00010069_001.png,100.0
00010103_014.png,100.0
00010144_003.png,100.0
00010162_000.png,100.0
00010196_000.png,100.0
00010200_001.png,100.0
00010215_000.png,100.0
00010217_000.png,100.0
00010220_000.png,100.0
00010277_000.png,100.0
00010284_000.png,100.0
00010297_003.png,100.0
00010310_000.png,100.0
00010319_001.png,100.0
00010326_001.png,100.0
00010348_000.png,100.0
00010496_001.png,100.0
00010507_006.png,100.0
00010509_002.png,100.0
00010592_003.png,100.0
00010608_005.png,100.0
00010634_007.png,100.0
00010678_000.png,100.0
00010695_000.png,100.0
00010775_004.png,100.0
00010801_000.png,100.0
00010814_009.png,100.0
00010869_000.png,100.0
00010887_022.png,100.0
00010888_007.png,100.0
00010894_000.png,100.0
00010914_005.png,100.0
00010959_011.png,100.0
00010980_002.png,100.0
00011091_001.png,100.0
00011144_013.png,100.0
00011164_000.png,100.0
00011208_000.png,100.0
00011235_006.png,100.0
00011265_000.png,100.0
00011353_000.png,100.0
00011384_000.png,100.0
00011415_000.png,100.0
00011427_000.png,100.0
00011460_040.png,100.0
00011478_000.png,100.0
00011548_000.png,100.0
00011588_000.png,100.0
00011598_029.png,100.0
00011621_001.png,100.0
00011627_000.png,100.0
00011640_001.png,100.0
00011688_004.png,100.0
00011804_017.png,100.0
00011811_000.png,100.0
00011812_000.png,100.0
00011821_000.png,100.0
00011832_000.png,100.0
00011847_000.png,100.0
00011855_000.png,100.0
00011885_002.png,100.0
00011903_001.png,100.0
00011963_004.png,100.0
00011974_000.png,100.0
00011982_000.png,100.0
00012045_049.png,98.42335766423358
00012048_010.png,100.0
00012050_004.png,100.0
00012087_014.png,100.0
00012156_000.png,100.0
00012179_000.png,100.0
00012261_000.png,100.0
00012279_000.png,100.0
00012291_005.png,100.0
00012374_001.png,100.0
00012377_000.png,100.0
00012434_001.png,100.0
00012485_000.png,100.0
00012486_001.png,100.0
00012549_009.png,100.0
00012596_002.png,100.0
00012604_002.png,100.0
00012622_021.png,100.0
00012652_000.png,100.0
00012659_012.png,100.0
00012700_000.png,100.0
00012701_000.png,100.0
00012704_008.png,100.0
00012796_003.png,100.0
00012891_005.png,100.0
00012892_006.png,100.0
00012924_000.png,100.0
00012973_008.png,100.0
00013061_000.png,100.0
00013063_000.png,100.0
00013078_003.png,100.0
00013079_000.png,100.0
00013111_080.png,100.0
00013118_001.png,100.0
00013129_000.png,100.0
00013130_000.png,100.0
00013167_000.png,100.0
00013193_000.png,100.0
00013202_001.png,100.0
00013237_000.png,100.0
00013244_001.png,100.0
00013256_015.png,100.0
00013346_003.png,100.0
00013376_000.png,100.0
00013392_000.png,100.0
00013422_000.png,100.0
00013454_000.png,100.0
00013463_001.png,100.0
00013499_000.png,99.59565327268133
00013581_000.png,100.0
00013619_000.png,100.0
00013627_006.png,100.0
00013655_005.png,100.0
00013665_001.png,100.0
00013673_001.png,100.0
00013674_000.png,100.0
00013714_009.png,100.0
00013751_003.png,100.0
00013790_000.png,100.0
00013858_000.png,100.0
00013885_000.png,100.0
00013894_000.png,100.0
00013904_004.png,100.0
00013933_000.png,100.0
00013935_004.png,100.0
00013937_001.png,100.0
00013951_003.png,100.0
00013977_005.png,100.0
00013990_000.png,100.0
00014032_000.png,100.0
00014039_000.png,100.0
00014052_004.png,100.0
00014082_010.png,100.0
00014123_000.png,100.0
00014129_010.png,100.0
00014140_008.png,100.0
00014146_001.png,100.0
00014190_000.png,100.0
00014200_000.png,100.0
00014203_015.png,100.0
00014211_006.png,100.0
00014219_000.png,100.0
00014274_008.png,100.0
00014291_000.png,100.0
00014298_001.png,100.0
00014300_000.png,100.0
00014306_000.png,100.0
00014307_007.png,100.0
00014334_000.png,100.0
00014356_007.png,100.0
00014358_003.png,100.0
00014427_006.png,100.0
00014454_006.png,100.0
00014520_018.png,100.0
00014530_007.png,100.0
00014567_001.png,100.0
00014609_001.png,100.0
00014626_025.png,100.0
00014646_003.png,100.0
00014663_018.png,100.0
00014664_002.png,100.0
00014678_004.png,100.0
00014710_005.png,100.0
00014731_026.png,100.0
00014755_001.png,100.0
00014758_006.png,100.0
00014822_020.png,100.0
00014844_000.png,100.0
00014847_000.png,100.0
00014865_001.png,100.0
00014874_003.png,100.0
00014881_000.png,100.0
00014889_001.png,100.0
00014890_000.png,100.0
00014905_000.png,100.0
00014915_000.png,100.0
00014933_007.png,100.0
00014939_001.png,100.0
00014948_006.png,100.0
00014952_000.png,100.0
00014956_011.png,100.0
00014981_001.png,100.0
00015029_001.png,100.0
00015112_000.png,100.0
00015113_002.png,100.0
00015141_002.png,100.0
00015147_002.png,100.0
00015150_000.png,100.0
00015190_001.png,100.0
00015222_004.png,100.0
00015252_001.png,100.0
00015268_000.png,100.0
00015308_000.png,100.0
00015309_000.png,100.0
00015310_001.png,100.0
00015376_032.png,100.0
00015377_001.png,100.0
00015378_000.png,100.0
00015384_001.png,100.0
00015395_000.png,100.0
00015421_000.png,100.0
00015440_000.png,100.0
00015450_000.png,100.0
00015454_000.png,100.0
00015495_014.png,100.0
00015506_002.png,100.0
00015507_002.png,100.0
00015521_000.png,100.0
00015549_000.png,100.0
00015555_000.png,100.0
00015556_022.png,100.0
00015563_004.png,100.0
00015568_002.png,100.0
00015583_000.png,100.0
00015649_004.png,100.0
00015679_003.png,100.0
00015754_001.png,100.0
00015775_001.png,100.0
00015792_005.png,100.0
00015793_003.png,100.0
00015831_005.png,100.0
00015842_001.png,100.0
00015843_000.png,100.0
00015893_000.png,100.0
00015920_004.png,100.0
00016007_000.png,100.0
00016019_008.png,100.0
00016064_003.png,100.0
00016142_010.png,100.0
00016431_000.png,100.0
00016440_000.png,100.0
00016481_000.png,100.0
00016486_006.png,100.0
00016487_002.png,100.0
00016494_002.png,100.0
00016503_000.png,100.0
00016508_065.png,100.0
00016509_002.png,100.0
00016521_001.png,100.0
00016550_013.png,100.0
00016551_000.png,100.0
00016556_002.png,100.0
00016561_002.png,100.0
00016568_053.png,100.0
00016577_001.png,100.0
00016615_004.png,100.0
00016619_000.png,100.0
00016621_003.png,100.0
00016630_010.png,100.0
00016687_000.png,100.0
00016700_000.png,100.0
00016719_005.png,100.0
00016751_000.png,100.0
00016798_010.png,100.0
00016801_008.png,100.0
00016805_009.png,100.0
00016811_005.png,100.0
00016819_003.png,100.0
00016837_000.png,100.0
00016852_000.png,100.0
00016937_018.png,100.0
00016967_000.png,100.0
00016972_001.png,100.0
00016980_000.png,100.0
00016982_000.png,100.0
00016986_013.png,100.0
00016991_006.png,100.0
00017001_000.png,100.0
00017028_000.png,99.95990376904571
00017051_002.png,100.0
00017060_000.png,100.0
00017089_009.png,100.0
00017095_000.png,100.0
00017098_007.png,100.0
00017106_000.png,100.0
00017117_000.png,100.0
00017123_002.png,100.0
00017152_000.png,100.0
00017179_000.png,100.0
00017199_012.png,100.0
00017214_002.png,100.0
00017224_000.png,100.0
00017243_010.png,98.96296296296296
00017262_003.png,100.0
00017272_000.png,100.0
00017306_001.png,100.0
00017313_006.png,100.0
00017321_001.png,100.0
00017325_003.png,100.0
00017365_000.png,100.0
00017393_000.png,100.0
00017395_003.png,100.0
00017401_000.png,100.0
00017423_001.png,49.47916666666667
00017463_000.png,100.0
00017470_001.png,100.0
00017484_000.png,100.0
00017544_001.png,100.0
00017549_001.png,100.0
00017559_000.png,100.0
00017567_000.png,100.0
00017569_005.png,100.0
00017605_012.png,100.0
00017645_007.png,100.0
00017691_002.png,100.0
00017698_001.png,100.0
00017717_003.png,100.0
00017747_027.png,100.0
00017799_000.png,100.0
00017807_003.png,100.0
00017819_006.png,100.0
00017864_001.png,100.0
00017881_006.png,100.0
00017902_000.png,100.0
00017954_000.png,100.0
00017970_000.png,100.0
00017989_002.png,100.0
00018003_002.png,100.0
00018004_001.png,100.0
00018006_024.png,99.91823385118562
00018029_002.png,100.0
00018087_002.png,100.0
00018102_001.png,100.0
00018117_018.png,100.0
00018171_000.png,100.0
00018172_000.png,100.0
00018256_000.png,100.0
00018296_000.png,100.0
00018307_001.png,100.0
00018331_003.png,100.0
00018366_008.png,100.0
00018443_008.png,100.0
00018472_001.png,100.0
00018492_001.png,100.0
00018519_000.png,100.0
00018525_003.png,100.0
00018527_001.png,100.0
00018536_001.png,100.0
00018542_000.png,100.0
00018558_005.png,100.0
00018559_000.png,100.0
00018577_000.png,100.0
00018588_003.png,100.0
00018591_007.png,100.0
00018592_008.png,100.0
00018607_003.png,100.0
00018624_000.png,100.0
00018645_000.png,99.80314960629921
00018646_000.png,100.0
00018712_000.png,100.0
00018751_002.png,100.0
00018756_000.png,100.0
00018759_000.png,100.0
00018765_003.png,100.0
00018785_001.png,100.0
00018792_000.png,100.0
00018810_001.png,100.0
00018819_001.png,100.0
00018839_000.png,100.0
00018853_002.png,100.0
00018860_023.png,100.0
00018865_038.png,100.0
00018958_002.png,100.0
00018964_001.png,100.0
00018989_001.png,100.0
00019001_000.png,100.0
00019006_001.png,100.0
00019013_003.png,100.0
00019043_000.png,100.0
00019056_004.png,97.28045325779037
00019071_000.png,100.0
00019124_067.png,100.0
00019162_000.png,100.0
00019166_000.png,100.0
00019176_039.png,100.0
00019222_000.png,100.0
00019241_004.png,100.0
00019271_005.png,100.0
00019279_000.png,100.0
00019299_002.png,100.0
00019308_000.png,100.0
00019328_011.png,100.0
00019368_000.png,100.0
00019371_000.png,100.0
00019373_056.png,100.0
00019415_001.png,100.0
00019473_003.png,100.0
00019530_017.png,100.0
00019537_001.png,100.0
00019593_005.png,100.0
00019610_004.png,100.0
00019616_000.png,100.0
00019634_011.png,100.0
00019635_006.png,100.0
00019637_005.png,100.0
00019643_013.png,100.0
00019651_001.png,100.0
00019682_000.png,100.0
00019717_000.png,100.0
00019720_000.png,100.0
00019730_019.png,100.0
00019731_000.png,100.0
00019739_002.png,100.0
00019765_011.png,100.0
00019766_019.png,100.0
00019767_005.png,100.0
00019785_009.png,100.0
00019805_009.png,100.0
00019861_004.png,100.0
00019894_021.png,100.0
00019966_000.png,100.0
00019999_000.png,100.0
00020016_000.png,100.0
00020046_009.png,100.0
00020047_002.png,100.0
00020070_004.png,100.0
00020072_001.png,100.0
00020085_007.png,100.0
00020124_002.png,100.0
00020148_000.png,100.0
00020156_000.png,100.0
00020158_004.png,100.0
00020195_014.png,99.82347749338041
00020236_000.png,100.0
00020269_002.png,100.0
00020274_007.png,100.0
00020277_003.png,100.0
00020329_002.png,100.0
00020333_003.png,100.0
00020339_004.png,100.0
00020346_000.png,100.0
00020368_000.png,100.0
00020373_003.png,100.0
00020390_000.png,100.0
00020398_034.png,100.0
00020401_000.png,100.0
00020402_000.png,100.0
00020405_021.png,100.0
00020408_038.png,100.0
00020436_004.png,100.0
00020469_001.png,100.0
00020488_003.png,100.0
00020491_001.png,100.0
00020539_002.png,100.0
00020583_000.png,100.0
00020589_003.png,100.0
00020611_001.png,99.92242048099301
00020617_000.png,100.0
00020624_003.png,100.0
00020703_002.png,100.0
00020716_006.png,100.0
00020735_000.png,100.0
00020767_000.png,100.0
00020774_000.png,100.0
00020822_001.png,100.0
00020823_000.png,100.0
00020848_000.png,100.0
00020938_001.png,100.0
00020958_001.png,100.0
00020967_021.png,100.0
00020983_000.png,100.0
00020987_000.png,100.0
00020996_001.png,100.0
00021070_000.png,100.0
00021086_007.png,100.0
00021112_000.png,100.0
00021130_001.png,100.0
00021166_000.png,100.0
00021201_003.png,100.0
00021207_000.png,100.0
00021212_006.png,100.0
00021252_009.png,100.0
00021254_000.png,100.0
00021289_000.png,100.0
00021294_001.png,100.0
00021300_000.png,100.0
00021362_005.png,100.0
00021374_004.png,100.0
00021377_000.png,99.13700107874865
00021398_000.png,100.0
00021420_008.png,100.0
00021430_000.png,100.0
00021431_008.png,100.0
00021473_000.png,100.0
00021494_006.png,100.0
00021495_000.png,100.0
00021505_000.png,100.0
00021609_006.png,74.32432432432432
00021708_002.png,100.0
00021817_005.png,100.0
00021862_000.png,100.0
00021887_003.png,100.0
00021888_005.png,100.0
00021901_000.png,100.0
00021922_000.png,100.0
00021940_000.png,99.81024667931689
00021942_002.png,100.0
00021980_000.png,100.0
00022030_005.png,100.0
00022037_001.png,100.0
00022041_001.png,100.0
00022050_000.png,100.0
00022056_000.png,100.0
00022093_000.png,100.0
00022113_002.png,100.0
00022119_000.png,100.0
00022132_003.png,100.0
00022138_000.png,100.0
00022139_002.png,100.0
00022179_000.png,100.0
00022208_008.png,100.0
00022231_002.png,100.0
00022235_009.png,100.0
00022238_002.png,100.0
00022260_009.png,100.0
00022263_005.png,100.0
00022336_000.png,100.0
00022359_001.png,100.0
00022374_008.png,100.0
00022454_009.png,100.0
00022457_008.png,100.0
00022488_000.png,100.0
00022520_000.png,100.0
00022586_000.png,100.0
00022591_000.png,100.0
00022622_009.png,100.0
00022659_000.png,100.0
00022684_005.png,100.0
00022729_003.png,100.0
00022737_002.png,100.0
00022738_000.png,100.0
00022740_003.png,100.0
00022837_028.png,100.0
00022919_002.png,100.0
00022954_000.png,100.0
00022973_000.png,100.0
00022993_026.png,100.0
00023018_000.png,100.0
00023026_002.png,100.0
00023027_000.png,100.0
00023068_047.png,100.0
00023075_012.png,100.0
00023092_003.png,100.0
00023140_004.png,100.0
00023145_000.png,97.38409435945347
00023164_000.png,100.0
00023168_001.png,100.0
00023198_001.png,100.0
00023211_002.png,100.0
00023225_000.png,99.94332672145083
00023235_000.png,100.0
00023296_000.png,100.0
00023309_032.png,100.0
00023310_002.png,100.0
00023348_000.png,100.0
00023643_000.png,100.0
00024281_000.png,100.0
00024313_002.png,100.0
00024523_000.png,100.0
00025071_001.png,100.0
00025107_000.png,100.0
00025181_007.png,100.0
00025206_002.png,97.41789354473386
00025213_000.png,100.0
00025234_003.png,45.05494505494506
00025237_000.png,100.0
00025248_000.png,35.714285714285715
00025330_000.png,100.0
00025332_000.png,100.0
00025341_000.png,100.0
00025342_007.png,100.0
00025368_007.png,100.0
00025394_001.png,100.0
00025437_000.png,80.0
00025444_004.png,100.0
00025446_001.png,100.0
00025447_000.png,100.0
00025448_001.png,100.0
00025457_002.png,100.0
00025501_000.png,100.0
00025505_000.png,99.95850622406638
00025512_000.png,100.0
00025515_001.png,100.0
00025542_002.png,100.0
00025585_000.png,100.0
00025595_000.png,100.0
00025611_000.png,100.0
00025635_008.png,97.69038701622972
00025670_000.png,100.0
00025671_000.png,100.0
00025680_010.png,100.0
00025695_025.png,100.0
00025707_015.png,100.0
00025730_000.png,100.0
00025777_000.png,100.0
00025784_000.png,100.0
00025812_005.png,100.0
00025822_000.png,100.0
00025825_001.png,100.0
00025848_000.png,100.0
00025858_000.png,100.0
00025906_000.png,100.0
00025936_005.png,100.0
00026004_000.png,100.0
00026026_000.png,100.0
00026064_001.png,100.0
00026125_001.png,100.0
00026185_009.png,100.0
00026196_001.png,100.0
00026199_000.png,100.0
00026263_001.png,100.0
00026271_000.png,100.0
00026275_000.png,100.0
00026282_002.png,100.0
00026287_008.png,100.0
00026319_000.png,100.0
00026330_001.png,100.0
00026367_000.png,100.0
00026387_002.png,100.0
00026469_005.png,100.0
00026477_000.png,100.0
00026480_000.png,100.0
00026545_000.png,100.0
00026556_002.png,100.0
00026569_001.png,100.0
00026573_000.png,100.0
00026586_004.png,100.0
00026602_000.png,100.0
00026613_000.png,100.0
00026683_000.png,100.0
00026684_000.png,100.0
00026713_002.png,100.0
00026746_003.png,100.0
00026756_000.png,100.0
00026769_009.png,100.0
00026773_001.png,100.0
00026789_001.png,100.0
00026791_001.png,100.0
00026833_001.png,100.0
00026843_000.png,100.0
00026844_000.png,100.0
00026860_000.png,100.0
00026885_000.png,100.0
00026925_009.png,100.0
00026993_001.png,100.0
00027019_000.png,100.0
00027042_000.png,100.0
00027131_003.png,100.0
00027204_000.png,100.0
00027278_000.png,100.0
00027290_000.png,100.0
00027299_000.png,100.0
00027315_001.png,100.0
00027322_005.png,100.0
00027343_002.png,100.0
00027386_002.png,100.0
00027480_000.png,100.0
00027492_004.png,100.0
00027507_000.png,100.0
00027556_003.png,100.0
00027574_000.png,100.0
00027588_000.png,100.0
00027621_009.png,100.0
00027652_009.png,100.0
00027716_000.png,100.0
00027819_000.png,100.0
00027831_000.png,100.0
00027837_002.png,100.0
00027838_000.png,100.0
00027875_004.png,100.0
00027885_000.png,100.0
00027897_000.png,100.0
00027927_009.png,100.0
00027929_000.png,100.0
00027937_002.png,100.0
00027957_000.png,100.0
00027998_000.png,100.0
00028013_003.png,100.0
00028019_001.png,100.0
00028067_000.png,100.0
00028140_003.png,100.0
00028194_000.png,100.0
00028265_006.png,100.0
00028271_003.png,100.0
00028317_001.png,100.0
00028329_000.png,100.0
00028359_003.png,100.0
00028380_009.png,100.0
00028392_003.png,100.0
00028421_003.png,100.0
00028442_000.png,99.62946817785527
00028463_000.png,100.0
00028518_029.png,100.0
00028535_005.png,100.0
00028545_000.png,100.0
00028563_000.png,100.0
00028567_001.png,100.0
00028589_004.png,100.0
00028624_002.png,100.0
00028626_000.png,100.0
00028630_000.png,100.0
00028642_000.png,93.25183374083129
00028655_005.png,100.0
00028659_000.png,100.0
00028689_000.png,100.0
00028742_000.png,100.0
00028765_000.png,100.0
00028796_000.png,100.0
00028837_000.png,100.0
00028876_032.png,100.0
00028896_000.png,100.0
00028913_002.png,100.0
00028963_002.png,100.0
00028965_000.png,100.0
00029150_001.png,100.0
00029156_000.png,100.0
00029159_003.png,100.0
00029196_000.png,100.0
00029207_000.png,100.0
00029223_001.png,100.0
00029310_000.png,100.0
00029313_001.png,100.0
00029450_001.png,100.0
00029475_000.png,100.0
00029511_000.png,100.0
00029514_000.png,100.0
00029579_000.png,100.0
00029589_002.png,100.0
00029617_008.png,100.0
00029649_001.png,100.0
00029678_001.png,100.0
00029683_000.png,100.0
00029693_000.png,100.0
00029748_000.png,100.0
00029756_000.png,100.0
00029757_000.png,100.0
00029809_000.png,100.0
00029820_003.png,95.68345323741008
00029844_001.png,100.0
00029861_000.png,100.0
00029863_022.png,89.69243557772236
00029866_005.png,100.0
00029909_003.png,100.0
00029965_000.png,100.0
00030023_000.png,100.0
00030157_002.png,100.0
00030183_001.png,100.0
00030234_001.png,100.0
00030270_000.png,100.0
00030280_003.png,100.0
00030305_000.png,100.0
00030319_000.png,100.0
00030338_002.png,100.0
00030413_003.png,100.0
00030497_000.png,100.0
00030499_004.png,100.0
00030520_001.png,100.0
00030534_000.png,100.0
00030536_006.png,100.0
00030541_000.png,100.0
00030695_000.png,100.0
00030703_001.png,100.0
00030722_000.png,100.0
102094432164422357540593447983140263604_43rus9.png,100.0
1022_IM-0017-2001.png,100.0
104934949701105445052033419850601965625_lsfbpx.png,100.0
105778172882494240902061657470727075053_gaf7t7.png,100.0
111222006186303041913291656213134421552_qy6bdd.png,100.0
114636069223262386528050682594062105224_60jmng.png,100.0
116031888491376517947607851106360811554_-h7uui.png,100.0
12374498447302740600203399903575548661_1g46t9.png,100.0
123_IM-0153-4004.png,100.0
125304964139544606959001476179398050182_7afhpw.png,100.0
125992888035907301147412827114700389399_dkn2qs.png,100.0
127522431331980991506_00-111-092.png,100.0
12752243479320241209739_03-138-086.png,100.0
12752243479320241226908_02-120-090.png,100.0
12752243479320241275403_03-193-035.png,100.0
12752243479320241536412_01-013-072.png,100.0
12752243479320242084036_02-012-160.png,100.0
12752243479320242137918_02-061-053.png,100.0
12752243479320242391539_02-082-004.png,100.0
12752243479320242397977_02-089-072.png,100.0
1275224347932024931248_00-022-018.png,100.0
1290_IM-0189-1001.png,100.0
131211143844369993948499313192502402299_rs697d.png,100.0
136796428186496146034892170219697348064_82mmi2.png,100.0
139120680153560447008136592319048272693_4rvc0g.png,100.0
144355515793773475225713375664228831575_lbrq94.png,100.0
145204805823456924774413719439214202943_tubb4s.png,100.0
1493_IM-0318-1001.png,100.0
152204489293583976113722159771537445999_x08ore.png,100.0
154707713453725291864140144189408862010_aekoeh.png,100.0
158253679772993415279760848215511845033_j7swbd.png,100.0
1630_IM-0411-1001.png,100.0
1668_IM-0441-1001.png,100.0
1676_IM-0445-1001.png,100.0
17989021260688245284281494417059810881_c2yjsi.png,100.0
181914702602160542640834926764590513308_9sro1b.png,100.0
1823_IM-0534-1001.png,100.0
1842_IM-0545-1001.png,100.0
184_IM-0544-1001.png,100.0
185103609082807172741758831509642702963_w5om81.png,100.0
1864_IM-0558-1001.png,100.0
1880_IM-0569-1001.png,100.0
189017018488060245750124918787482216400_-jwv88.png,100.0
190829280276907284648731626929987339565_e8fliq.png,100.0
192629296392873170128615255898993332589_s3zven.png,100.0
196857176875115331084561487778903490093_1kgyut.png,100.0
1976_IM-0635-1001-0001.png,100.0
1976_IM-0635-1001-0002.png,100.0
197942585502056363818681672666693793064_kru8ri.png,100.0
199852798478666409280115359429291807310_zgw8zw.png,100.0
2027_IM-0672-0001-0002.png,100.0
202902237593758487525340762057878708501_q0q6dv.png,100.0
209184076834118264964076673841244942147_fuo26k.png,100.0
2092_IM-0723-1001.png,100.0
211258778787271607921718526482305786347_h5lu1h.png,100.0
2114_IM-0743-4004.png,100.0
2119_IM-0746-1001.png,100.0
216840111366964012283393834152009013093402145_00-011-193.png,100.0
216840111366964012283393834152009014103426304_00-098-073.png,100.0
216840111366964012283393834152009020111823092_00-017-058.png,100.0
216840111366964012283393834152009027140628462_00-056-010.png,100.0
216840111366964012339356563862009049132000420_00-048-161.png,100.0
216840111366964012339356563862009058092457573_00-054-028.png,100.0
216840111366964012339356563862009068113419626_00-045-093.png,100.0
216840111366964012339356563862009072083637334_00-046-115.png,100.0
216840111366964012373310883942009082135742988_00-046-160.png,100.0
216840111366964012373310883942009089120012055_00-053-105.png,100.0
216840111366964012373310883942009090134210593_00-053-038.png,100.0
216840111366964012373310883942009105130607886_00-067-075.png,100.0
216840111366964012373310883942009107144632217_00-067-002.png,100.0
216840111366964012373310883942009119142726587_00-066-117.png,100.0
216840111366964012373310883942009124101202929_00-042-012.png,100.0
216840111366964012373310883942009147130310878_00-034-094.png,100.0
216840111366964012373310883942009148161550790_00-096-117.png,100.0
216840111366964012373310883942009167200823164_00-091-168.png,100.0
216840111366964012373310883942009202102910772_00-110-038.png,100.0
216840111366964012373310883942009204085423616_00-027-046.png,100.0
216840111366964012373310883942009205083510779_00-026-096.png,100.0
216840111366964012487858717522009215122654966_00-004-018.png,100.0
216840111366964012487858717522009216104921249_00-001-000.png,100.0
216840111366964012487858717522009218105134450_00-004-009.png,100.0
216840111366964012487858717522009253095744837_00-023-198.png,100.0
216840111366964012487858717522009258191536006_00-020-058.png,100.0
216840111366964012487858717522009264120925988_00-023-133.png,100.0
216840111366964012487858717522009279100239144_00-081-137.png,100.0
216840111366964012487858717522009279125840476_00-081-078.png,100.0
216840111366964012487858717522009281125616217_00-082-017.png,100.0
216840111366964012558082906712009300125537904_02-127-185.png,100.0
216840111366964012558082906712009300162151055_00-078-108.png,100.0
216840111366964012558082906712009313144348306_03-192-184.png,81.81818181818183
216840111366964012558082906712009321125044009_00-109-070.png,100.0
216840111366964012558082906712009330112839181_00-111-020.png,100.0
216840111366964012558082906712009337124947013_00-089-019.png,100.0
216840111366964012558082906712009338125210902_00-085-018.png,100.0
216840111366964012558082906712009343143848237_00-090-094.png,100.0
216840111366964012558082906712010011162735619_03-122-128.png,100.0
216840111366964012558082906712010042144858874_03-174-047.png,100.0
216840111366964012558082906712010043115531218_03-173-102.png,100.0
216840111366964012558082906712010043123927207_03-168-162.png,100.0
216840111366964012558082906712010061093312562_03-158-056.png,100.0
216840111366964012558082906712010062120252830_03-161-044.png,100.0
216840111366964012558082906712010068104338808_03-151-139.png,100.0
216840111366964012558082906712010069105545740_03-162-085.png,100.0
216840111366964012558082906712010081125842069_03-159-112.png,100.0
216840111366964012558082906712010085123939453_03-158-102.png,100.0
216840111366964012558082906712010116135120659_03-181-005.png,100.0
216840111366964012558082906712010116153533503_03-177-122.png,100.0
216840111366964012558082906712010117083159692_03-174-157.png,100.0
216840111366964012558082906712010119140606829_03-151-003.png,100.0
216840111366964012734950068292010166204116495_04-006-166.png,100.0
216840111366964012768025509942010187152141004_03-141-088.png,100.0
216840111366964012819207061112010228115156871_02-121-161.png,100.0
216840111366964012819207061112010246110424364_03-128-199.png,100.0
216840111366964012819207061112010252161749945_03-126-172.png,100.0
216840111366964012819207061112010266092110629_03-124-188.png,100.0
216840111366964012819207061112010287101337942_03-187-143.png,100.0
216840111366964012819207061112010291123044760_03-189-022.png,100.0
216840111366964012904401302362010340164152586_04-002-083.png,100.0
216840111366964012904401302362010341093623552_03-196-032.png,100.0
216840111366964012922382741642010347133900463_00-187-166.png,100.0
216840111366964012922382741642010349110541852_03-194-178.png,100.0
216840111366964012922382741642010355083304047_04-002-172.png,100.0
216840111366964012922382741642011012101208558_00-189-084.png,100.0
216840111366964012948363412702011012141141116_00-127-115.png,100.0
216840111366964012959786098432011038095039087_00-173-002.png,100.0
216840111366964012959786098432011041143649495_00-181-115.png,100.0
216840111366964012959786098432011046114123315_00-162-129.png,100.0
216840111366964012959786098432011048123953433_00-177-102.png,100.0
216840111366964012989926673512011060153945610_00-164-174.png,100.0
216840111366964012989926673512011087122707846_00-164-047.png,100.0
216840111366964012989926673512011091133352245_00-187-156.png,100.0
216840111366964012989926673512011102120334530_00-185-157.png,100.0
216840111366964012989926673512011102120930530_00-185-060.png,100.0
216840111366964012989926673512011103094027306_00-191-196.png,100.0
216840111366964012989926673512011117103617337_00-189-163.png,100.0
216840111366964012989926673512011124141210901_00-153-173.png,100.0
216840111366964012989926673512011129133533721_00-148-173.png,100.0
216840111366964012989926673512011133093942140_00-151-018.png,100.0
216840111366964012989926673512011145131508796_01-020-189.png,100.0
216840111366964012989926673512011152093833655_01-021-014.png,100.0
216840111366964013076187734852011185114930697_00-143-185.png,100.0
216840111366964013076187734852011203133449083_00-143-090.png,100.0
216840111366964013076187734852011230114200302_00-116-110.png,100.0
216840111366964013076187734852011252123630723_00-137-197.png,100.0
216840111366964013076187734852011262101527889_00-134-054.png,100.0
216840111366964013076187734852011263140323244_00-195-095.png,100.0
216840111366964013076187734852011269124909548_00-130-161.png,100.0
216840111366964013076187734852011277091423280_01-027-150.png,100.0
216840111366964013076187734852011293133433976_00-195-148.png,100.0
216840111366964013076187734852011293141810289_00-194-138.png,100.0
216840111366964013200840352202011304122550976_01-027-173.png,100.0
216840111366964013200840352202011312104525230_01-023-146.png,100.0
216840111366964013217898866992011327150045228_01-029-044.png,100.0
216840111366964013217898866992011334134625628_01-025-152.png,100.0
216840111366964013217898866992011354103811978_01-009-194.png,100.0
216840111366964013217898866992012017130820056_01-047-064.png,100.0
216840111366964013217898866992012018171326558_01-044-055.png,100.0
216840111366964013274515230432012037105845215_01-104-032.png,100.0
216840111366964013274515230432012038125958153_01-106-150.png,100.0
216840111366964013274515230432012039115819489_01-094-117.png,100.0
216840111366964013293097335992012048142815849_01-097-085.png,100.0
216840111366964013297909654432012054130146725_01-101-035.png,100.0
216840111366964013297909654432012061103027963_01-087-044.png,100.0
216840111366964013297909654432012061161434802_01-082-072.png,100.0
216840111366964013307756408102012064113536305_01-088-101.png,100.0
216840111366964013307756408102012066115027957_01-083-023.png,100.0
216840111366964013307756408102012082145530004_01-089-052.png,100.0
216840111366964013334747595492012095132940528_01-112-168.png,100.0
216840111366964013340662495472012112234620223_01-113-005.png,100.0
216840111366964013340662495472012116120706086_01-075-045.png,100.0
216840111366964013340662495472012117152138220_01-113-119.png,100.0
216840111366964013340662495472012124102636153_01-070-078.png,100.0
216840111366964013340662495472012130132548857_01-079-094.png,100.0
216840111366964013375835044302012152120247917_01-079-025.png,100.0
216840111366964013402131755672012174124345819_01-136-170.png,100.0
216840111366964013402131755672012177174841401_01-139-066.png,100.0
216840111366964013402131755672012185090133487_01-064-070.png,100.0
216840111366964013402131755672012185123228106_02-098-155.png,100.0
216840111366964013402131755672012187140737715_01-062-131.png,100.0
216840111366964013418328332882012194102336220_01-064-000.png,100.0
216840111366964013451228379692012254132929753_01-116-178.png,100.0
216840111366964013451228379692012254135436495_01-054-068.png,100.0
216840111366964013451228379692012258092617810_01-059-146.png,100.0
216840111366964013451228379692012297170408995_01-122-051.png,100.0
216840111366964013451228379692012298124504499_01-125-045.png,100.0
216840111366964013515091760022012304104809843_01-118-037.png,100.0
216840111366964013515091760022012316115754628_01-157-170.png,100.0
216840111366964013515091760022012318154049415_01-152-034.png,100.0
216840111366964013534861372972012332131813018_01-147-061.png,100.0
216840111366964013534861372972012332150153059_01-150-091.png,100.0
216840111366964013534861372972012335095921193_01-127-021.png,100.0
216840111366964013534861372972012339122909204_01-133-050.png,100.0
216840111366964013534861372972012345141048438_01-135-194.png,100.0
216840111366964013534861372972012346110912365_01-134-077.png,100.0
216840111366964013534861372972012362104145448_02-004-138.png,100.0
216840111366964013575787468332013008135836905_02-006-028.png,100.0
216840111366964013590140476722013029162007069_02-010-144.png,100.0
216840111366964013590140476722013044115219084_02-061-126.png,100.0
216840111366964013590140476722013045153114707_02-068-071.png,100.0
216840111366964013590140476722013050141331175_02-069-085.png,100.0
216840111366964013590140476722013070115105529_02-055-109.png,100.0
216840111366964013590140476722013071125614567_02-051-102.png,100.0
216840111366964013649107288022013096130850028_02-078-174.png,100.0
216840111366964013649107288022013098122451210_02-074-102.png,100.0
216840111366964013663026955732013112140444758_02-076-008.png,100.0
216840111366964013663026955732013123115749477_02-044-038.png,100.0
216840111366964013663026955732013126121316170_02-038-061.png,100.0
216840111366964013663026955732013129102923349_02-043-018.png,100.0
216840111366964013663026955732013133131150451_02-045-040.png,100.0
216840111366964013686042548532013156120037855_02-103-076.png,100.0
216840111366964013686042548532013157111651310_02-104-192.png,100.0
216840111366964013686042548532013169114819495_01-169-158.png,100.0
216840111366964013686042548532013197164111937_02-025-159.png,100.0
216840111366964013686042548532013203172712396_02-032-088.png,100.0
216840111366964013686042548532013217130542783_02-000-146.png,100.0
216840111366964013686042548532013256101225163_02-017-112.png,100.0
216840111366964013686042548532013268193632922_02-088-069.png,100.0
216840111366964013686042548532013269142404413_02-083-020.png,100.0
216840111366964013829543166512013304100906967_02-107-103.png,100.0
216840111366964013829543166512013329121905173_02-111-093.png,100.0
216840111366964013829543166512013331162555991_02-106-037.png,100.0
216840111366964013829543166512013345100445934_02-096-011.png,100.0
216840111366964013829543166512013347135838079_02-089-056.png,100.0
216840111366964013829543166512013360142510844_02-095-170.png,100.0
216840111366964013829543166512014001185729960_01-159-138.png,100.0
216840111366964013962490064942014093084552091_01-186-040.png,100.0
216840111366964013962490064942014101130939361_01-186-068.png,100.0
216840111366964013962490064942014119123802958_01-161-179.png,100.0
216840111366964013962490064942014139111356918_01-173-066.png,100.0
216840111366964013962490064942014140175844099_01-173-083.png,100.0
216840111366964014008416513202014171115847389_01-193-121.png,100.0
216840111366964014008416513202014191142955486_01-168-123.png,100.0
2180_IM-0793-1001.png,100.0
2275_IM-0862-1001.png,100.0
229_IM-0873-1001.png,100.0
230_IM-0880-0001-0002.png,100.0
2386_IM-0942-1001.png,100.0
240233721742801738471665649450345172417_vhhxgm.png,100.0
240767218218647493519906564809126997418_i4hxqa.png,100.0
262617508030928072154563946513112637644_8q82bt.png,100.0
2642_IM-1128-1001.png,75.0
266402162254066427386638302774785980980_931zhp.png,100.0
266978073566246817744992196213689068086_2_bd1oed.png,100.0
269067755568977373319643754988096754940_fiplpy.png,100.0
274967253510485555606380850632548507044_6rnw5q.png,100.0
2776_IM-1217-1001.png,100.0
27778749495685974117983920274703230130_5gmv8h.png,100.0
28052280539654589131881596812513064696_svvaaa.png,100.0
283275912829421622921375021438843239703_2_tfvu3k.png,100.0
283891201090114004594205562337237944641_pu5mkn.png,100.0
284524123598394803948251478883215789918_0u3hf4.png,100.0
285108983949434127143355859651334481656_nc8z8j.png,100.0
2944_IM-1344-1001.png,100.0
3000_IM-1386-0001-0001.png,100.0
3017_IM-1393-1001.png,100.0
306702647186625310294819558143821488515_st85m5.png,100.0
308554035901203573441767793719455481344_j7kh49.png,100.0
308945054823978938447250962134271570306_xq9psg.png,100.0
311447190640122200288888209779594542927_sqoyk5.png,100.0
312193336287458684646102882558025104896_khhrc7.png,100.0
314038492226161325294923017241847045969_wt3yb8.png,100.0
3182_IM-1501-0001-0001.png,100.0
320620912494657778581041050896877698753_wfjqvw.png,100.0
321394304255220506638502826171553249677_j2d2hx.png,100.0
322778620230988176873652848478809456109_pqmp8l.png,100.0
3251_IM-1541-1001.png,100.0
325764161144389618470648973409728225821_5rqnic.png,100.0
327618986879934449241800465918875427916_9ol3v5.png,100.0
3281_IM-1562-1001.png,100.0
328447361974129645522128287344852844599_t6mm4c.png,100.0
3303_IM-1580-3001.png,100.0
330538296230770196472652367242834417883_n3gz92.png,100.0
332884822888034210508236281228653746007_cy6aw1.png,100.0
334588948211354440482133390093521282825_9078q1.png,100.0
336070038832452564052186180446343241888_kouucb.png,100.0
3374_IM-1624-1001.png,100.0
34545621937188641434822710844577333362_5p4f5a.png,100.0
3551_IM-1740-12012.png,100.0
3559_IM-1744-1001.png,100.0
3654_IM-1816-1001.png,100.0
3655_IM-1817-1001.png,100.0
3949_IM-2018-4004.png,100.0
41451563860558046166232930814295443220_2_-381ag.png,100.0
457_IM-2088-1001-0001.png,100.0
47632055636475125128582989835303648134_2_on23y4.png,100.0
48_IM-2103-1001.png,100.0
517_IM-2130-2002.png,100.0
52002174471026456210836794495188426859_nz3qr5.png,100.0
57689621977024693748648832766382888122_26l7wi.png,100.0
60389568039978274816980800407744382691_wj04ri.png,100.0
689_IM-2257-1001.png,100.0
78560969966998788455834656091518477125_7pnozu.png,100.0
83096690982065739970783538981948959276_p4tugd.png,100.0
849_IM-2371-1001.png,100.0
878_IM-2392-1001.png,100.0
8810642437439710610835410798023595653_tokgl4.png,100.0
92159625533367641290327830728568196666_rbehdb.png,100.0
JPCLN002.png,100.0
JPCLN003.png,100.0
JPCLN004.png,100.0
JPCLN007.png,100.0
JPCLN008.png,100.0
JPCLN009.png,100.0
JPCLN010.png,100.0
JPCLN013.png,100.0
JPCLN014.png,100.0
JPCLN015.png,100.0
JPCLN016.png,100.0
JPCLN017.png,100.0
JPCLN018.png,100.0
JPCLN019.png,100.0
JPCLN020.png,100.0
JPCLN021.png,100.0
JPCLN024.png,100.0
JPCLN025.png,100.0
JPCLN026.png,100.0
JPCLN028.png,100.0
JPCLN029.png,100.0
JPCLN031.png,100.0
JPCLN035.png,100.0
JPCLN036.png,100.0
JPCLN037.png,100.0
JPCLN038.png,100.0
JPCLN040.png,100.0
JPCLN041.png,100.0
JPCLN043.png,100.0
JPCLN044.png,100.0
JPCLN045.png,100.0
JPCLN046.png,100.0
JPCLN048.png,100.0
JPCLN049.png,100.0
JPCLN051.png,100.0
JPCLN053.png,100.0
JPCLN054.png,100.0
JPCLN057.png,100.0
JPCLN059.png,100.0
JPCLN060.png,100.0
JPCLN061.png,100.0
JPCLN062.png,100.0
JPCLN063.png,100.0
JPCLN064.png,100.0
JPCLN065.png,100.0
JPCLN067.png,100.0
JPCLN068.png,100.0
JPCLN070.png,100.0
JPCLN072.png,100.0
JPCLN073.png,100.0
JPCLN074.png,100.0
JPCLN075.png,100.0
JPCLN077.png,100.0
JPCLN078.png,100.0
JPCLN079.png,100.0
JPCLN080.png,100.0
JPCLN081.png,100.0
JPCLN083.png,100.0
JPCLN085.png,100.0
JPCLN086.png,100.0
JPCLN087.png,100.0
JPCLN088.png,100.0
JPCLN090.png,100.0
JPCLN091.png,100.0
JPCLN092.png,100.0
JPCLN093.png,64.0625
JPCLN094.png,100.0
JPCLN095.png,100.0
JPCLN096.png,100.0
JPCLN097.png,100.0
JPCLN098.png,100.0
JPCLN100.png,100.0
JPCLN101.png,100.0
JPCLN103.png,100.0
JPCLN104.png,100.0
JPCLN105.png,100.0
JPCLN106.png,100.0
JPCLN109.png,100.0
JPCLN110.png,100.0
JPCLN112.png,100.0
JPCLN113.png,100.0
JPCLN114.png,100.0
JPCLN115.png,100.0
JPCLN116.png,100.0
JPCLN117.png,100.0
JPCLN118.png,100.0
JPCLN119.png,100.0
JPCLN120.png,100.0
JPCLN121.png,100.0
JPCLN122.png,100.0
JPCLN123.png,100.0
JPCLN124.png,100.0
JPCLN125.png,100.0
JPCLN126.png,100.0
JPCLN129.png,100.0
JPCLN132.png,100.0
JPCLN133.png,100.0
JPCLN134.png,100.0
JPCLN135.png,100.0
JPCLN136.png,100.0
JPCLN138.png,100.0
JPCLN140.png,100.0
JPCLN141.png,100.0
JPCLN142.png,100.0
JPCLN143.png,100.0
JPCLN145.png,100.0
JPCLN146.png,100.0
JPCLN147.png,100.0
JPCLN148.png,100.0
JPCLN150.png,100.0
JPCLN151.png,100.0
JPCLN152.png,100.0
JPCLN153.png,100.0
JPCLN154.png,100.0
